,level_0,level_1,cosine,euclidean,hamming,psnr,ssim
0,/Users/dcortes/dev/livepeer/YT8M/videos/7/150502 APINK - MR.CHU @KMF HOLLYWOOD BOWL4331.25.mp4,240:426,0.26370677563657924,14.7956575729853,0.8125,34.04237516012025,0.9159660933412889
1,/Users/dcortes/dev/livepeer/YT8M/videos/7/150502 APINK - MR.CHU @KMF HOLLYWOOD BOWL4331.25.mp4,360:640,0.1891300746604115,11.674098006798303,0.6270833333333333,37.747730849219806,0.9590128070343344
2,/Users/dcortes/dev/livepeer/YT8M/videos/7/150502 APINK - MR.CHU @KMF HOLLYWOOD BOWL4331.25.mp4,480:854,0.18597947549948302,11.633007422506386,0.6027777777777779,39.212942014678326,0.9665437396826464
3,/Users/dcortes/dev/livepeer/YT8M/videos/7/150502 APINK - MR.CHU @KMF HOLLYWOOD BOWL4331.25.mp4,720:1280,0.17230390412005447,10.935311830083313,0.5611111111111111,41.28611939624643,0.9749912431809751
4,/Users/dcortes/dev/livepeer/YT8M/videos/7/2013 White Water Bay New Slides(Pipeline Wave & Ripqurl)美國超猛滑水道4239.197.mp4,240:426,0.2508289973843363,14.178398254117827,0.8022222222222223,34.52189298486952,0.8540120736322111
5,/Users/dcortes/dev/livepeer/YT8M/videos/7/2013 White Water Bay New Slides(Pipeline Wave & Ripqurl)美國超猛滑水道4239.197.mp4,360:640,0.22161072379909286,13.15157196232991,0.7094444444444444,35.93502335039599,0.9003197143379666
6,/Users/dcortes/dev/livepeer/YT8M/videos/7/2013 White Water Bay New Slides(Pipeline Wave & Ripqurl)美國超猛滑水道4239.197.mp4,480:854,0.22881629363060854,13.446136923235288,0.7250000000000001,36.551751127626126,0.918523266996065
7,/Users/dcortes/dev/livepeer/YT8M/videos/7/2013 White Water Bay New Slides(Pipeline Wave & Ripqurl)美國超猛滑水道4239.197.mp4,720:1280,0.29828521326343316,15.860027898617117,0.8916666666666669,28.865447449267506,0.5673419020765015
8,/Users/dcortes/dev/livepeer/YT8M/videos/7/ALISAMENTO COMPACTADO DEFINITIVO4094.315.mp4,240:320,0.24531053580545695,13.497306675320795,0.767777777777778,35.19089960447634,0.9498864773629211
9,/Users/dcortes/dev/livepeer/YT8M/videos/7/ALISAMENTO COMPACTADO DEFINITIVO4094.315.mp4,360:480,0.16767792710278512,10.72442871691683,0.5616666666666668,36.73327066768889,0.9655005666251157
10,/Users/dcortes/dev/livepeer/YT8M/videos/7/ALISAMENTO COMPACTADO DEFINITIVO4094.315.mp4,480:640,0.15359622263240583,9.63461429749471,0.4927777777777778,39.26108023449394,0.9805145945765381
11,/Users/dcortes/dev/livepeer/YT8M/videos/7/ALISAMENTO COMPACTADO DEFINITIVO4094.315.mp4,720:960,0.16527073466835104,9.832144889615885,0.4905555555555556,39.61802330153214,0.9794296943527755
12,/Users/dcortes/dev/livepeer/YT8M/videos/7/Abfangen eines Schleudernden Autos - DRIVE UNIVERSITY Folge 044173.402.mp4,240:426,0.2126111745393339,12.045582523461656,0.6519999999999999,36.28250194389295,0.9375351462183956
13,/Users/dcortes/dev/livepeer/YT8M/videos/7/Abfangen eines Schleudernden Autos - DRIVE UNIVERSITY Folge 044173.402.mp4,360:640,0.2033507751961759,11.565700885030486,0.612,38.30489860798407,0.9586461610766213
14,/Users/dcortes/dev/livepeer/YT8M/videos/7/Abfangen eines Schleudernden Autos - DRIVE UNIVERSITY Folge 044173.402.mp4,480:854,0.19553297074481985,10.841924573272399,0.5846666666666667,39.58106726973749,0.9666937001985922
15,/Users/dcortes/dev/livepeer/YT8M/videos/7/Abfangen eines Schleudernden Autos - DRIVE UNIVERSITY Folge 044173.402.mp4,720:1280,0.19751054134047802,10.761997874285594,0.57,40.76513562497414,0.9719924198597041
16,/Users/dcortes/dev/livepeer/YT8M/videos/7/Alitas de Pollo con Miel y Limón al Horno4129.889.mp4,240:426,0.23289887042082882,12.534693856207332,0.6655555555555555,41.31585965924732,0.9708877404743333
17,/Users/dcortes/dev/livepeer/YT8M/videos/7/Alitas de Pollo con Miel y Limón al Horno4129.889.mp4,360:640,0.2785714036834587,13.762670600559963,0.6961111111111111,42.91691554452133,0.9775636837542548
18,/Users/dcortes/dev/livepeer/YT8M/videos/7/Alitas de Pollo con Miel y Limón al Horno4129.889.mp4,480:854,0.19884071611652906,10.981200192626837,0.5727777777777778,45.06340848151892,0.9837927990585842
19,/Users/dcortes/dev/livepeer/YT8M/videos/7/Alitas de Pollo con Miel y Limón al Horno4129.889.mp4,720:1280,0.19885913774931716,10.886103047181306,0.545,45.62433529501157,0.9845448392597747
20,/Users/dcortes/dev/livepeer/YT8M/videos/7/Apple Juice THE FILM4350.092.mp4,240:426,0.2631802579597259,14.514700740476203,0.8208333333333333,42.491411727866485,0.9771425080986296
21,/Users/dcortes/dev/livepeer/YT8M/videos/7/Apple Juice THE FILM4350.092.mp4,360:640,0.2586408934022552,14.18551770980452,0.7888888888888889,44.000101333902364,0.9825553985142929
22,/Users/dcortes/dev/livepeer/YT8M/videos/7/Apple Juice THE FILM4350.092.mp4,480:854,0.23432694456788153,13.55346097996591,0.7861111111111111,45.93797360449457,0.9880117164508061
23,/Users/dcortes/dev/livepeer/YT8M/videos/7/Apple Juice THE FILM4350.092.mp4,720:1280,0.30259810759561123,15.429191994852873,0.8986111111111112,29.02222159514787,0.4884861121869304
24,/Users/dcortes/dev/livepeer/YT8M/videos/7/Asus Padfone - stylus jako headset v akci (MWC 2012)4343.726.mp4,240:426,0.28229752479270154,15.08037416593963,0.8266666666666667,38.46431955168745,0.9689713709265781
25,/Users/dcortes/dev/livepeer/YT8M/videos/7/Asus Padfone - stylus jako headset v akci (MWC 2012)4343.726.mp4,360:640,0.22197147689091168,12.980854028126496,0.7293333333333335,40.55651394979041,0.9799145316614124
26,/Users/dcortes/dev/livepeer/YT8M/videos/7/Asus Padfone - stylus jako headset v akci (MWC 2012)4343.726.mp4,480:854,0.22127116384778758,13.086084772906132,0.7160000000000001,42.42294336649417,0.9853041723294725
27,/Users/dcortes/dev/livepeer/YT8M/videos/7/Asus Padfone - stylus jako headset v akci (MWC 2012)4343.726.mp4,720:1280,0.229630668206455,13.09347903777389,0.6979999999999998,42.73492574524746,0.9855409337869376
28,/Users/dcortes/dev/livepeer/YT8M/videos/7/August Burns Red - White Washed [LIVE]4172.161.mp4,240:426,0.21305635848408422,12.76527228584336,0.7222222222222222,34.78360340271396,0.8966616624115681
29,/Users/dcortes/dev/livepeer/YT8M/videos/7/August Burns Red - White Washed [LIVE]4172.161.mp4,360:640,0.20164408676977827,12.05654995419618,0.6377777777777778,38.54883372513901,0.95382744467546
30,/Users/dcortes/dev/livepeer/YT8M/videos/7/August Burns Red - White Washed [LIVE]4172.161.mp4,480:854,0.17783906252469278,11.473195237069884,0.5822222222222223,40.01477209715046,0.9652412330087763
31,/Users/dcortes/dev/livepeer/YT8M/videos/7/August Burns Red - White Washed [LIVE]4172.161.mp4,720:1280,0.1424650716288435,9.292377025567971,0.4666666666666667,42.30674157052507,0.976793637301861
32,"/Users/dcortes/dev/livepeer/YT8M/videos/7/Axiyo Graves vs Kalista ADC - Highlights (Feb 20, 2015)5535.542.mp4",240:426,0.2556969574290866,14.007367473650431,0.7927777777777779,35.136942796550414,0.9190580852199569
33,"/Users/dcortes/dev/livepeer/YT8M/videos/7/Axiyo Graves vs Kalista ADC - Highlights (Feb 20, 2015)5535.542.mp4",360:640,0.24158905253357243,13.451400168920006,0.7811111111111112,36.18040664756474,0.9351453502165042
34,"/Users/dcortes/dev/livepeer/YT8M/videos/7/Axiyo Graves vs Kalista ADC - Highlights (Feb 20, 2015)5535.542.mp4",480:854,0.24763372035988854,13.524791883564522,0.7527777777777779,37.75877360007235,0.9666542480822116
35,"/Users/dcortes/dev/livepeer/YT8M/videos/7/Axiyo Graves vs Kalista ADC - Highlights (Feb 20, 2015)5535.542.mp4",720:1280,0.1885175986296023,11.941419922154326,0.6516666666666667,40.044831375925156,0.979851051221068
36,"/Users/dcortes/dev/livepeer/YT8M/videos/7/BOYFRIEND - Obsession, 보이프렌드 - 너란 여자, Music Core 201406074166.019.mp4",240:426,0.2542686415115159,14.536061051968662,0.7961111111111111,30.10761154500284,0.7139917459217705
37,"/Users/dcortes/dev/livepeer/YT8M/videos/7/BOYFRIEND - Obsession, 보이프렌드 - 너란 여자, Music Core 201406074166.019.mp4",360:640,0.21421151726127827,13.169311929651704,0.7088888888888889,31.89243258460981,0.8529628228059022
38,"/Users/dcortes/dev/livepeer/YT8M/videos/7/BOYFRIEND - Obsession, 보이프렌드 - 너란 여자, Music Core 201406074166.019.mp4",480:854,0.21013198776828396,12.894427576982418,0.6844444444444444,32.3397289503953,0.8660998941160148
39,"/Users/dcortes/dev/livepeer/YT8M/videos/7/BOYFRIEND - Obsession, 보이프렌드 - 너란 여자, Music Core 201406074166.019.mp4",720:1280,0.20097780357776404,12.417608402772228,0.6438888888888888,33.527185308809564,0.9024715172525488
40,/Users/dcortes/dev/livepeer/YT8M/videos/7/Baker Marching Band Halftime Show 2013 against B.C. Rain4331.25.mp4,240:426,0.22000657204580124,14.212985910803054,0.7961111111111111,31.677137834683005,0.8851037449607787
41,/Users/dcortes/dev/livepeer/YT8M/videos/7/Baker Marching Band Halftime Show 2013 against B.C. Rain4331.25.mp4,360:640,0.2184170508078288,13.951645297710975,0.7905555555555555,32.68498948827497,0.9309617236115438
42,/Users/dcortes/dev/livepeer/YT8M/videos/7/Baker Marching Band Halftime Show 2013 against B.C. Rain4331.25.mp4,480:854,0.22936150428797938,14.317069862930396,0.7677777777777778,33.93721997628384,0.9582910911986117
43,/Users/dcortes/dev/livepeer/YT8M/videos/7/Baker Marching Band Halftime Show 2013 against B.C. Rain4331.25.mp4,720:1280,0.16451988603298287,11.537117713656915,0.5388888888888889,36.31950314170537,0.976375302352468
44,/Users/dcortes/dev/livepeer/YT8M/videos/7/Banda Fuego Nuevo San Simon 20144172.461.mp4,240:426,0.27730780580917125,15.210408111847952,0.8550000000000001,32.39663794777626,0.8819507542176886
45,/Users/dcortes/dev/livepeer/YT8M/videos/7/Banda Fuego Nuevo San Simon 20144172.461.mp4,360:640,0.27943705482579045,14.991291032872699,0.8072222222222223,34.470872202661134,0.9293737738499988
46,/Users/dcortes/dev/livepeer/YT8M/videos/7/Banda Fuego Nuevo San Simon 20144172.461.mp4,480:854,0.27103108157774886,15.01963596023359,0.8355555555555555,35.382121088117934,0.9382521965341067
47,/Users/dcortes/dev/livepeer/YT8M/videos/7/Banda Fuego Nuevo San Simon 20144172.461.mp4,720:1280,0.26272785982228564,14.391573935760915,0.7961111111111112,36.90333017479189,0.9518211836055216
48,/Users/dcortes/dev/livepeer/YT8M/videos/7/Barbie Bad - Barbie Badezimmer - Barbie in der Badewanne Unboxing + Demo4167.639.mp4,240:426,0.16607214657330624,10.538327503791743,0.5193333333333333,39.72693101387856,0.9649679319290333
49,/Users/dcortes/dev/livepeer/YT8M/videos/7/Barbie Bad - Barbie Badezimmer - Barbie in der Badewanne Unboxing + Demo4167.639.mp4,360:640,0.1431348601983199,9.630684480978328,0.46666666666666656,41.46564967576867,0.973653889933112
50,/Users/dcortes/dev/livepeer/YT8M/videos/7/Barbie Bad - Barbie Badezimmer - Barbie in der Badewanne Unboxing + Demo4167.639.mp4,480:854,0.1411002694612653,9.12079267183223,0.42666666666666664,44.34050190096114,0.9842186536410525
51,/Users/dcortes/dev/livepeer/YT8M/videos/7/Barbie Bad - Barbie Badezimmer - Barbie in der Badewanne Unboxing + Demo4167.639.mp4,720:1280,0.13472141210381497,8.518362032218143,0.42066666666666663,44.1318480046429,0.9838136420244726
52,/Users/dcortes/dev/livepeer/YT8M/videos/7/Blues Guitar Epiphone Riviera!!!  (slide playing on open G)6902.853.mp4,240:426,0.2298191352593633,13.346618996726637,0.7461111111111111,36.82777834028395,0.9592480518767019
53,/Users/dcortes/dev/livepeer/YT8M/videos/7/Blues Guitar Epiphone Riviera!!!  (slide playing on open G)6902.853.mp4,360:640,0.19647966382675444,11.933444098782973,0.5938888888888889,38.20152175008164,0.967861256034745
54,/Users/dcortes/dev/livepeer/YT8M/videos/7/Blues Guitar Epiphone Riviera!!!  (slide playing on open G)6902.853.mp4,480:854,0.17246578385778732,11.026133742715404,0.5661111111111111,40.86939581744677,0.9784077324593324
55,/Users/dcortes/dev/livepeer/YT8M/videos/7/Blues Guitar Epiphone Riviera!!!  (slide playing on open G)6902.853.mp4,720:1280,0.14546510420090306,9.819515400700956,0.4744444444444444,43.145868552824886,0.9831377893501678
56,/Users/dcortes/dev/livepeer/YT8M/videos/7/Championnat National - Journée 33 - Les buts4190.112.mp4,240:426,0.3007581404303767,16.08097890575689,0.8733333333333335,33.76771696787438,0.8834661224757728
57,/Users/dcortes/dev/livepeer/YT8M/videos/7/Championnat National - Journée 33 - Les buts4190.112.mp4,360:640,0.27267059886968,14.999597067648388,0.8466666666666669,35.46938958997347,0.9335683604353888
58,/Users/dcortes/dev/livepeer/YT8M/videos/7/Championnat National - Journée 33 - Les buts4190.112.mp4,480:854,0.2661371838008375,14.81712559812446,0.8286666666666668,37.56908706381654,0.9592645769338656
59,/Users/dcortes/dev/livepeer/YT8M/videos/7/Championnat National - Journée 33 - Les buts4190.112.mp4,720:1280,0.27173951342051106,15.304504318877418,0.8260000000000001,39.026390161000414,0.9672829376500102
60,/Users/dcortes/dev/livepeer/YT8M/videos/7/Cindy Ciser - Disco (official music video)4331.25.mp4,240:426,0.20401184990357799,11.538459248214695,0.7236111111111111,39.639600776031024,0.9714298342902395
61,/Users/dcortes/dev/livepeer/YT8M/videos/7/Cindy Ciser - Disco (official music video)4331.25.mp4,360:640,0.1810580602536663,10.946879393013338,0.6666666666666666,41.49352624151144,0.977570011682222
62,/Users/dcortes/dev/livepeer/YT8M/videos/7/Cindy Ciser - Disco (official music video)4331.25.mp4,480:854,0.19747548259678047,10.818406160079048,0.5791666666666666,43.858256308599096,0.9844015625665564
63,/Users/dcortes/dev/livepeer/YT8M/videos/7/Cindy Ciser - Disco (official music video)4331.25.mp4,720:1280,0.15138140745497677,8.983798878087113,0.4861111111111111,45.81541379647606,0.9875507528589615
64,/Users/dcortes/dev/livepeer/YT8M/videos/7/Cirkusrevyen 1967 - Sonny boy (Dirch Passer)2153.542.mp4,240:426,0.2673697211803187,13.856667899608931,0.7916666666666666,42.136828729007995,0.9830570314214501
65,/Users/dcortes/dev/livepeer/YT8M/videos/7/Cirkusrevyen 1967 - Sonny boy (Dirch Passer)2153.542.mp4,360:640,0.2271107691229341,12.279865036387624,0.6483333333333334,43.220765060346274,0.9853505195578748
66,/Users/dcortes/dev/livepeer/YT8M/videos/7/Cirkusrevyen 1967 - Sonny boy (Dirch Passer)2153.542.mp4,480:854,0.2029027086568367,11.246325165307292,0.5761111111111111,44.37843386528927,0.9874088213234441
67,/Users/dcortes/dev/livepeer/YT8M/videos/7/Cirkusrevyen 1967 - Sonny boy (Dirch Passer)2153.542.mp4,720:1280,0.16916244952588752,9.159766221489171,0.4411111111111111,45.96897482588967,0.9899842032941976
68,/Users/dcortes/dev/livepeer/YT8M/videos/7/Compra e venda de casa de madeira cascavel .região4188.454.mp4,240:426,0.26432284648873283,14.578617651691797,0.8088888888888891,33.7740236497727,0.9057740822241861
69,/Users/dcortes/dev/livepeer/YT8M/videos/7/Compra e venda de casa de madeira cascavel .região4188.454.mp4,360:640,0.24682751584367163,13.972480040928016,0.7472222222222221,35.44998964231873,0.9409661918787475
70,/Users/dcortes/dev/livepeer/YT8M/videos/7/Compra e venda de casa de madeira cascavel .região4188.454.mp4,480:854,0.23100536464302557,13.387424216222973,0.7405555555555556,37.18957723063228,0.9606426778146122
71,/Users/dcortes/dev/livepeer/YT8M/videos/7/Compra e venda de casa de madeira cascavel .região4188.454.mp4,720:1280,0.21720546133078114,12.679282867311223,0.6844444444444446,39.06394376755032,0.9702000321115669
72,/Users/dcortes/dev/livepeer/YT8M/videos/7/Cose da fare su GTA V Parte 24331.25.mp4,240:426,0.2596209627013778,14.889776074083366,0.8383333333333335,31.58412923781115,0.8134808702289544
73,/Users/dcortes/dev/livepeer/YT8M/videos/7/Cose da fare su GTA V Parte 24331.25.mp4,360:640,0.23856022568212062,13.940698963000942,0.7733333333333334,33.35079735050708,0.8914668487137043
74,/Users/dcortes/dev/livepeer/YT8M/videos/7/Cose da fare su GTA V Parte 24331.25.mp4,480:854,0.20939741775640092,12.454763729998463,0.6750000000000002,35.48708564918756,0.9368668154694716
75,/Users/dcortes/dev/livepeer/YT8M/videos/7/Cose da fare su GTA V Parte 24331.25.mp4,720:1280,0.17702677018020482,10.714008260868733,0.5900000000000001,37.31532363920378,0.953827191103652
76,/Users/dcortes/dev/livepeer/YT8M/videos/7/Destiny - AUDIO EASTER EGG FOUND!4129.636.mp4,240:426,0.2709375955416992,14.790606199642006,0.8127777777777777,34.3946851536364,0.9111223783087797
77,/Users/dcortes/dev/livepeer/YT8M/videos/7/Destiny - AUDIO EASTER EGG FOUND!4129.636.mp4,360:640,0.2359630401434597,13.642988321650586,0.7205555555555556,36.39326755827736,0.9484574850722367
78,/Users/dcortes/dev/livepeer/YT8M/videos/7/Destiny - AUDIO EASTER EGG FOUND!4129.636.mp4,480:854,0.21125579688437443,12.539316529579805,0.668888888888889,37.77146099029686,0.9617748346076767
79,/Users/dcortes/dev/livepeer/YT8M/videos/7/Destiny - AUDIO EASTER EGG FOUND!4129.636.mp4,720:1280,0.1949150912984262,11.970915642257646,0.6244444444444445,38.388061044530865,0.9624853893974683
80,/Users/dcortes/dev/livepeer/YT8M/videos/7/Destiny Best Multiplayer Weapon Upgrade - Super Slide Shotgun!4145.203.mp4,240:426,0.2488881050910471,13.92411002967911,0.7788888888888889,36.792570040459665,0.9229974832841914
81,/Users/dcortes/dev/livepeer/YT8M/videos/7/Destiny Best Multiplayer Weapon Upgrade - Super Slide Shotgun!4145.203.mp4,360:640,0.22592554918858768,13.316024867332716,0.7166666666666667,39.47673434931539,0.9589306976131571
82,/Users/dcortes/dev/livepeer/YT8M/videos/7/Destiny Best Multiplayer Weapon Upgrade - Super Slide Shotgun!4145.203.mp4,480:854,0.2276304101690276,12.954384133161067,0.6838888888888889,41.01196394765657,0.9708022078487327
83,/Users/dcortes/dev/livepeer/YT8M/videos/7/Destiny Best Multiplayer Weapon Upgrade - Super Slide Shotgun!4145.203.mp4,720:1280,0.207674711591648,12.084779888145437,0.6433333333333333,42.774920278872514,0.979156655751058
84,/Users/dcortes/dev/livepeer/YT8M/videos/7/Dmachine - Ret Rotation Guide5533.709.mp4,240:426,0.31939766049810564,15.191743059428179,0.8539999999999998,32.999800605915645,0.8118852628836847
85,/Users/dcortes/dev/livepeer/YT8M/videos/7/Dmachine - Ret Rotation Guide5533.709.mp4,360:640,0.2352546608416088,13.209157045028327,0.7220000000000002,34.537427930970125,0.8849292713728772
86,/Users/dcortes/dev/livepeer/YT8M/videos/7/Dmachine - Ret Rotation Guide5533.709.mp4,480:854,0.2874521601572008,14.718375918113095,0.8293333333333334,36.52718788448644,0.9298396355890316
87,/Users/dcortes/dev/livepeer/YT8M/videos/7/Dmachine - Ret Rotation Guide5533.709.mp4,720:1280,0.25247850224865803,14.288112960181778,0.778,39.08002715776032,0.9583825764468924
88,/Users/dcortes/dev/livepeer/YT8M/videos/7/Domaci hleb recept-Homemade bread recipe4025.097.mp4,240:426,0.19530128809068759,13.032661496309732,0.7013333333333333,37.03992898776411,0.9566625145780522
89,/Users/dcortes/dev/livepeer/YT8M/videos/7/Domaci hleb recept-Homemade bread recipe4025.097.mp4,360:640,0.16265101472677998,10.957695919194155,0.592,39.265702023498356,0.9709624704047362
90,/Users/dcortes/dev/livepeer/YT8M/videos/7/Domaci hleb recept-Homemade bread recipe4025.097.mp4,480:854,0.18445738297334566,11.82674904925392,0.6186666666666667,42.051450253984285,0.9807495382841176
91,/Users/dcortes/dev/livepeer/YT8M/videos/7/Domaci hleb recept-Homemade bread recipe4025.097.mp4,720:1280,0.20938805595967377,13.281075646738785,0.6746666666666666,42.36195331274203,0.9791669354364947
92,/Users/dcortes/dev/livepeer/YT8M/videos/7/Dota 2 Turnavası Finalleri ve Cosplay Yarışmasını Yerinde Takip Ettik4143.395.mp4,240:426,0.21673806619891509,13.494867847643086,0.7593333333333332,37.654319042403976,0.9760295218956996
93,/Users/dcortes/dev/livepeer/YT8M/videos/7/Dota 2 Turnavası Finalleri ve Cosplay Yarışmasını Yerinde Takip Ettik4143.395.mp4,360:640,0.202954080180648,12.418189085963531,0.6606666666666666,39.89746904880649,0.9831892035712493
94,/Users/dcortes/dev/livepeer/YT8M/videos/7/Dota 2 Turnavası Finalleri ve Cosplay Yarışmasını Yerinde Takip Ettik4143.395.mp4,480:854,0.1762344771995001,11.051780052117586,0.5666666666666667,42.35812292801377,0.9879396648501855
95,/Users/dcortes/dev/livepeer/YT8M/videos/7/Dota 2 Turnavası Finalleri ve Cosplay Yarışmasını Yerinde Takip Ettik4143.395.mp4,720:1280,0.17546769993331413,11.20046195707728,0.5693333333333332,42.98493125002295,0.9873438042899102
96,/Users/dcortes/dev/livepeer/YT8M/videos/7/End of Round Screen Glitch Looks Awesome5551.1.mp4,240:384,0.26922075205523205,15.62568423071814,0.8900000000000001,32.33807566992002,0.8056898725664527
97,/Users/dcortes/dev/livepeer/YT8M/videos/7/End of Round Screen Glitch Looks Awesome5551.1.mp4,360:576,0.23358317482039734,14.110663945324994,0.8150000000000001,33.484320188054994,0.8583670846986382
98,/Users/dcortes/dev/livepeer/YT8M/videos/7/End of Round Screen Glitch Looks Awesome5551.1.mp4,480:768,0.22342698263400138,13.656430337482188,0.77,34.86328457365653,0.9089087641800078
99,/Users/dcortes/dev/livepeer/YT8M/videos/7/End of Round Screen Glitch Looks Awesome5551.1.mp4,720:1152,0.2683227946468101,15.49788393543713,0.875,28.423351748559096,0.617185367091713
100,/Users/dcortes/dev/livepeer/YT8M/videos/7/Fashion collection TEAM B03柏木由紀1080p.avi2251.605.mp4,240:426,0.2898113121544525,15.173647166852014,0.8544444444444446,43.871532759518914,0.9918818352230764
101,/Users/dcortes/dev/livepeer/YT8M/videos/7/Fashion collection TEAM B03柏木由紀1080p.avi2251.605.mp4,360:640,0.25339871769971,14.023990080443541,0.7972222222222223,45.33399881710987,0.9933739899477473
102,/Users/dcortes/dev/livepeer/YT8M/videos/7/Fashion collection TEAM B03柏木由紀1080p.avi2251.605.mp4,480:854,0.2769198631924468,14.8251346730463,0.8761111111111113,46.891380025691895,0.9945713739673969
103,/Users/dcortes/dev/livepeer/YT8M/videos/7/Fashion collection TEAM B03柏木由紀1080p.avi2251.605.mp4,720:1280,0.21969789310431764,12.484807076661037,0.7011111111111112,48.48462625148366,0.9956620038082614
104,/Users/dcortes/dev/livepeer/YT8M/videos/7/Fatafat Bouncerz - 74286.296.mp4,240:426,0.15656554360881378,11.826867472567235,0.6693333333333333,40.93592684242311,0.9861016981896782
105,/Users/dcortes/dev/livepeer/YT8M/videos/7/Fatafat Bouncerz - 74286.296.mp4,360:640,0.1460559110704431,11.085700890827955,0.6006666666666666,41.998864382278164,0.986227828061892
106,/Users/dcortes/dev/livepeer/YT8M/videos/7/Fatafat Bouncerz - 74286.296.mp4,480:854,0.17639290260934432,13.360167527784144,0.6446666666666667,45.900923531092324,0.9934069235074464
107,/Users/dcortes/dev/livepeer/YT8M/videos/7/Fatafat Bouncerz - 74286.296.mp4,720:1280,0.12651311010944055,10.430325595838795,0.5993333333333333,47.86350785356555,0.9934509342460206
108,/Users/dcortes/dev/livepeer/YT8M/videos/7/Final Fantasy X Soundtrack - Yuna's Theme296.0.mp4,240:320,0.26105093308065674,15.198869880267644,0.9162241887905607,37.704714419325136,0.9853210634189192
109,/Users/dcortes/dev/livepeer/YT8M/videos/7/Final Fantasy X Soundtrack - Yuna's Theme296.0.mp4,360:480,0.15417961597915297,12.506991611269681,0.6028490028490024,38.98750642776875,0.9921153263105149
110,/Users/dcortes/dev/livepeer/YT8M/videos/7/Final Fantasy X Soundtrack - Yuna's Theme296.0.mp4,480:640,0.2322357774097665,15.246578065270043,0.8672316384180794,40.71973046477837,0.993531658643629
111,/Users/dcortes/dev/livepeer/YT8M/videos/7/Final Fantasy X Soundtrack - Yuna's Theme296.0.mp4,720:960,0.12245227210722533,9.677481345838158,0.6508474576271185,43.7974452441723,0.9961582964860922
112,/Users/dcortes/dev/livepeer/YT8M/videos/7/Fruits déguisés pour Noël par Mamy Monica4125.379.mp4,240:426,0.19306546910705744,11.9750094839811,0.6286666666666665,40.024134668442414,0.9726887948173375
113,/Users/dcortes/dev/livepeer/YT8M/videos/7/Fruits déguisés pour Noël par Mamy Monica4125.379.mp4,360:640,0.16437333855372063,10.231674933459777,0.5086666666666666,41.74393309294591,0.9784473229036181
114,/Users/dcortes/dev/livepeer/YT8M/videos/7/Fruits déguisés pour Noël par Mamy Monica4125.379.mp4,480:854,0.13459817372993624,8.540847848467713,0.4446666666666667,43.936209064598124,0.9851806118444305
115,/Users/dcortes/dev/livepeer/YT8M/videos/7/Fruits déguisés pour Noël par Mamy Monica4125.379.mp4,720:1280,0.14785841362385257,8.96426124408414,0.4579999999999999,44.164533921625015,0.9845654961046328
116,/Users/dcortes/dev/livepeer/YT8M/videos/7/GE U36B Seaboard System4214.637.mp4,240:426,0.28815829791486447,15.039834965817965,0.8844444444444446,33.03910243706015,0.8732873503189251
117,/Users/dcortes/dev/livepeer/YT8M/videos/7/GE U36B Seaboard System4214.637.mp4,360:640,0.24838325347013016,14.078204086066437,0.8122222222222223,34.16219920465739,0.9140117982250414
118,/Users/dcortes/dev/livepeer/YT8M/videos/7/GE U36B Seaboard System4214.637.mp4,480:854,0.2050858862048801,12.001457632585678,0.6422222222222221,35.61823804967733,0.9447939944872477
119,/Users/dcortes/dev/livepeer/YT8M/videos/7/GE U36B Seaboard System4214.637.mp4,720:1280,0.2754749032089207,15.158701672352587,0.8922222222222224,28.51313306977706,0.5295459570735113
120,"/Users/dcortes/dev/livepeer/YT8M/videos/7/GTA V ONLINE - Glitch D'argent, Comment Gagner Des Millions En Moins D'une Heure !4146.548.mp4",240:426,0.22904938839700353,13.753146996814927,0.8383333333333335,36.58741341055547,0.968130777964511
121,"/Users/dcortes/dev/livepeer/YT8M/videos/7/GTA V ONLINE - Glitch D'argent, Comment Gagner Des Millions En Moins D'une Heure !4146.548.mp4",360:640,0.17462015984424506,11.675653445971884,0.6516666666666667,38.990645227101595,0.9783315448491675
122,"/Users/dcortes/dev/livepeer/YT8M/videos/7/GTA V ONLINE - Glitch D'argent, Comment Gagner Des Millions En Moins D'une Heure !4146.548.mp4",480:854,0.20118774439062634,12.839022661847075,0.6783333333333333,42.49168607798072,0.9879191227763473
123,"/Users/dcortes/dev/livepeer/YT8M/videos/7/GTA V ONLINE - Glitch D'argent, Comment Gagner Des Millions En Moins D'une Heure !4146.548.mp4",720:1280,0.16824287362637327,10.868653763114654,0.58,44.598218411476246,0.9891197478644806
124,/Users/dcortes/dev/livepeer/YT8M/videos/7/GTA5 Online - Ep 4 - JaltoidGames!5529.911.mp4,240:426,0.27426683674249824,15.070823725547614,0.8400000000000001,32.74423531280701,0.8460366481209841
125,/Users/dcortes/dev/livepeer/YT8M/videos/7/GTA5 Online - Ep 4 - JaltoidGames!5529.911.mp4,360:640,0.26889686449900585,14.660998969168615,0.7916666666666667,34.38566128848988,0.899037225736432
126,/Users/dcortes/dev/livepeer/YT8M/videos/7/GTA5 Online - Ep 4 - JaltoidGames!5529.911.mp4,480:854,0.24075324032961756,14.056880726380204,0.7594444444444445,36.120601686827285,0.9348806193819474
127,/Users/dcortes/dev/livepeer/YT8M/videos/7/GTA5 Online - Ep 4 - JaltoidGames!5529.911.mp4,720:1280,0.29010530746112934,15.550883284500646,0.8905555555555557,28.588959327785815,0.6151450370110564
128,/Users/dcortes/dev/livepeer/YT8M/videos/7/Genoa napoli 0 2 tifo napoletani a fine partita.6790.56.mp4,240:426,0.21100598963348552,12.29531208633842,0.6516666666666667,34.7937464158626,0.9322200866354182
129,/Users/dcortes/dev/livepeer/YT8M/videos/7/Genoa napoli 0 2 tifo napoletani a fine partita.6790.56.mp4,360:640,0.18648579401235998,11.005545457963631,0.576111111111111,37.06533474671465,0.9572085946957756
130,/Users/dcortes/dev/livepeer/YT8M/videos/7/Genoa napoli 0 2 tifo napoletani a fine partita.6790.56.mp4,480:854,0.174373330865272,10.897641449286228,0.5633333333333334,38.17102395678062,0.9629021019053208
131,/Users/dcortes/dev/livepeer/YT8M/videos/7/Genoa napoli 0 2 tifo napoletani a fine partita.6790.56.mp4,720:1280,0.14411848859626594,9.107544461859161,0.4566666666666667,39.825268777785276,0.9704779536448801
132,"/Users/dcortes/dev/livepeer/YT8M/videos/7/GoPro HD Dirt Bike Riding Tenmile Canyon, Green River, Moab Utah. WTA...SHADOWS4182.612.mp4",240:426,0.28327979083215454,15.187409144597432,0.8483333333333334,33.40843278500578,0.8068071613317274
133,"/Users/dcortes/dev/livepeer/YT8M/videos/7/GoPro HD Dirt Bike Riding Tenmile Canyon, Green River, Moab Utah. WTA...SHADOWS4182.612.mp4",360:640,0.2838124189149599,15.188365489858922,0.8355555555555557,34.06611875908667,0.8621081250970971
134,"/Users/dcortes/dev/livepeer/YT8M/videos/7/GoPro HD Dirt Bike Riding Tenmile Canyon, Green River, Moab Utah. WTA...SHADOWS4182.612.mp4",480:854,0.27710991505109617,14.784641906613688,0.7972222222222223,34.48726163002474,0.8870037431222032
135,"/Users/dcortes/dev/livepeer/YT8M/videos/7/GoPro HD Dirt Bike Riding Tenmile Canyon, Green River, Moab Utah. WTA...SHADOWS4182.612.mp4",720:1280,0.23720526777697895,13.568595734472016,0.7377777777777778,35.920694010380856,0.9365414898839786
136,/Users/dcortes/dev/livepeer/YT8M/videos/7/Hip Hop Beats- New York4181.22.mp4,240:426,0.2692830426869292,14.992440849044492,0.8453333333333335,32.00125864397725,0.8608329986365452
137,/Users/dcortes/dev/livepeer/YT8M/videos/7/Hip Hop Beats- New York4181.22.mp4,360:640,0.2580536690133901,14.632458502151632,0.802,33.50139729382306,0.9172686434901733
138,/Users/dcortes/dev/livepeer/YT8M/videos/7/Hip Hop Beats- New York4181.22.mp4,480:854,0.24430380617402803,14.396777322341975,0.8086666666666666,34.83020113599465,0.9425507912914859
139,/Users/dcortes/dev/livepeer/YT8M/videos/7/Hip Hop Beats- New York4181.22.mp4,720:1280,0.24338177372667957,14.062704231950054,0.7873333333333334,36.546229373883754,0.9593010421521962
140,/Users/dcortes/dev/livepeer/YT8M/videos/7/Hitman heatmaker untapped power4157.384.mp4,240:426,0.24891598350560815,14.139262720999165,0.7844444444444446,34.9475074670632,0.9091453650682528
141,/Users/dcortes/dev/livepeer/YT8M/videos/7/Hitman heatmaker untapped power4157.384.mp4,360:640,0.2770434580725084,15.39373159018651,0.8977777777777779,36.386755423557254,0.9364278304625999
142,/Users/dcortes/dev/livepeer/YT8M/videos/7/Hitman heatmaker untapped power4157.384.mp4,480:854,0.2554593882376432,14.404758400730637,0.8116666666666668,38.03543317010213,0.9620962438896368
143,/Users/dcortes/dev/livepeer/YT8M/videos/7/Hitman heatmaker untapped power4157.384.mp4,720:1280,0.26926884953021407,15.31332531457715,0.8838888888888891,28.460830769477493,0.6582751361598865
144,/Users/dcortes/dev/livepeer/YT8M/videos/7/Hobbs and the Oculus Rift ~ 1st Experience!4331.25.mp4,240:426,0.23140130490707692,12.922136129616808,0.648888888888889,40.59216159315409,0.973232572579532
145,/Users/dcortes/dev/livepeer/YT8M/videos/7/Hobbs and the Oculus Rift ~ 1st Experience!4331.25.mp4,360:640,0.2123585833848788,11.964760754939785,0.5844444444444444,42.10846006442508,0.9789881252715168
146,/Users/dcortes/dev/livepeer/YT8M/videos/7/Hobbs and the Oculus Rift ~ 1st Experience!4331.25.mp4,480:854,0.1998670272427289,12.037064849342546,0.5816666666666667,45.22007029715522,0.9871374593521445
147,/Users/dcortes/dev/livepeer/YT8M/videos/7/Hobbs and the Oculus Rift ~ 1st Experience!4331.25.mp4,720:1280,0.18914144773812092,11.238869387908705,0.5338888888888889,46.04335223340938,0.9883790102497246
148,/Users/dcortes/dev/livepeer/YT8M/videos/7/Hog Waller Airboat Racing March 15th4189.674.mp4,240:426,0.26322916374191613,14.804390829686938,0.7958333333333334,33.31027337476315,0.8323440583827182
149,/Users/dcortes/dev/livepeer/YT8M/videos/7/Hog Waller Airboat Racing March 15th4189.674.mp4,360:640,0.2602231380845532,14.334825915653047,0.7458333333333332,33.94563968844883,0.876751528201195
150,/Users/dcortes/dev/livepeer/YT8M/videos/7/Hog Waller Airboat Racing March 15th4189.674.mp4,480:854,0.2637170165296083,14.467459902152049,0.7354166666666666,34.927860723740146,0.9168390078174529
151,/Users/dcortes/dev/livepeer/YT8M/videos/7/Hog Waller Airboat Racing March 15th4189.674.mp4,720:1280,0.26867287623182196,15.591447275497254,0.9180555555555557,28.418914466953566,0.6349714439673594
152,/Users/dcortes/dev/livepeer/YT8M/videos/7/How To Wash and Dry a Wig4298.079.mp4,240:320,0.23878251881997256,13.315487149454936,0.7255555555555556,39.388118175756986,0.9708156265844536
153,/Users/dcortes/dev/livepeer/YT8M/videos/7/How To Wash and Dry a Wig4298.079.mp4,360:480,0.23141330362611978,13.097204807673029,0.6827777777777778,40.61319792135411,0.9719220122003234
154,/Users/dcortes/dev/livepeer/YT8M/videos/7/How To Wash and Dry a Wig4298.079.mp4,480:640,0.21537738973009307,12.353494245142452,0.6494444444444445,42.90504514427916,0.979631576773431
155,/Users/dcortes/dev/livepeer/YT8M/videos/7/How To Wash and Dry a Wig4298.079.mp4,720:960,0.2496136244283243,13.60106137749677,0.7166666666666667,43.72432557751196,0.9811266397843758
156,/Users/dcortes/dev/livepeer/YT8M/videos/7/Hub Freerunning at Gym-Ken - Round 24331.25.mp4,240:426,0.2762256812847724,15.177813555443018,0.8477777777777779,36.109214894280534,0.9414252952722502
157,/Users/dcortes/dev/livepeer/YT8M/videos/7/Hub Freerunning at Gym-Ken - Round 24331.25.mp4,360:640,0.2570861468437032,14.667996294468164,0.8061111111111112,39.15032105965836,0.9690003066712262
158,/Users/dcortes/dev/livepeer/YT8M/videos/7/Hub Freerunning at Gym-Ken - Round 24331.25.mp4,480:854,0.2631708506356219,14.533577734601625,0.7866666666666667,40.84538601737748,0.9761759525013657
159,/Users/dcortes/dev/livepeer/YT8M/videos/7/Hub Freerunning at Gym-Ken - Round 24331.25.mp4,720:1280,0.23280170768340636,13.037756114567468,0.6855555555555557,42.942764921154215,0.9821211411972117
160,/Users/dcortes/dev/livepeer/YT8M/videos/7/INNA - Tu si Eu (OFFICIAL VIDEO HD 2012)4140.934.mp4,240:426,0.24404163025715328,13.470918267576605,0.7206666666666669,34.815168836979254,0.9409280782631123
161,/Users/dcortes/dev/livepeer/YT8M/videos/7/INNA - Tu si Eu (OFFICIAL VIDEO HD 2012)4140.934.mp4,360:640,0.22070873649209935,12.606945750154638,0.6659999999999998,36.79193828013428,0.9655729792047616
162,/Users/dcortes/dev/livepeer/YT8M/videos/7/INNA - Tu si Eu (OFFICIAL VIDEO HD 2012)4140.934.mp4,480:854,0.18625728399365682,11.225326782146169,0.6193333333333333,38.6034635679432,0.9777415024763674
163,/Users/dcortes/dev/livepeer/YT8M/videos/7/INNA - Tu si Eu (OFFICIAL VIDEO HD 2012)4140.934.mp4,720:1280,0.1546031886135366,10.14205015152436,0.546,40.73807881541547,0.9831148744113909
164,/Users/dcortes/dev/livepeer/YT8M/videos/7/IcE vs eG DYA Tribute - Heroes of Newerth4331.25.mp4,240:426,0.31678827652984415,15.983397534423839,0.8522222222222223,33.65179108346357,0.839609139949147
165,/Users/dcortes/dev/livepeer/YT8M/videos/7/IcE vs eG DYA Tribute - Heroes of Newerth4331.25.mp4,360:640,0.30089145847048615,15.85515451801186,0.8250000000000003,34.82746792366834,0.8849805736153955
166,/Users/dcortes/dev/livepeer/YT8M/videos/7/IcE vs eG DYA Tribute - Heroes of Newerth4331.25.mp4,480:854,0.26868392769102806,14.587204817253575,0.8266666666666668,35.794568439497866,0.9116278485705425
167,/Users/dcortes/dev/livepeer/YT8M/videos/7/IcE vs eG DYA Tribute - Heroes of Newerth4331.25.mp4,720:1280,0.28870377856241264,15.144023958065853,0.8166666666666667,37.68091135527464,0.9427214168438264
168,/Users/dcortes/dev/livepeer/YT8M/videos/7/JULY BEAUTY FAVOURITES FT. QUISHA ROSE - 20152893.295.mp4,240:426,0.10424233291717422,6.987232729710958,0.3861111111111111,41.032310648914205,0.9795646943723271
169,/Users/dcortes/dev/livepeer/YT8M/videos/7/JULY BEAUTY FAVOURITES FT. QUISHA ROSE - 20152893.295.mp4,360:640,0.09762626902433014,6.792113242555426,0.37638888888888894,43.2586501779669,0.9852086523490512
170,/Users/dcortes/dev/livepeer/YT8M/videos/7/JULY BEAUTY FAVOURITES FT. QUISHA ROSE - 20152893.295.mp4,480:854,0.08982197796194998,6.078889036425942,0.3479166666666667,45.025046472515676,0.9878179968131073
171,/Users/dcortes/dev/livepeer/YT8M/videos/7/JULY BEAUTY FAVOURITES FT. QUISHA ROSE - 20152893.295.mp4,720:1280,0.07632956292970088,5.073509582073773,0.27569444444444446,45.897457602071285,0.9884123109685182
172,"/Users/dcortes/dev/livepeer/YT8M/videos/7/K.will - Love119(feat.Jang-geuni), 케이윌 - 러브119(feat.장근이), Music Core 200901104195.7.mp4",240:380,0.23601951162537751,13.259360875565706,0.7161111111111111,36.668801729370436,0.9355756939270193
173,"/Users/dcortes/dev/livepeer/YT8M/videos/7/K.will - Love119(feat.Jang-geuni), 케이윌 - 러브119(feat.장근이), Music Core 200901104195.7.mp4",360:568,0.20320811062367472,11.442608052644772,0.6066666666666668,39.251297973265274,0.9672744567862914
174,"/Users/dcortes/dev/livepeer/YT8M/videos/7/K.will - Love119(feat.Jang-geuni), 케이윌 - 러브119(feat.장근이), Music Core 200901104195.7.mp4",480:758,0.1931090614614203,11.002254546560291,0.5661111111111111,40.9870242654122,0.9768706423550008
175,"/Users/dcortes/dev/livepeer/YT8M/videos/7/K.will - Love119(feat.Jang-geuni), 케이윌 - 러브119(feat.장근이), Music Core 200901104195.7.mp4",720:1138,0.1944491974662446,10.79110060323215,0.5594444444444444,43.20367027282528,0.9836460054318343
176,"/Users/dcortes/dev/livepeer/YT8M/videos/7/Katibim Türküsü Üzerine Varyasyonlar - Marmara Üniv. A.E.F. Çoksesli Korosu - Sopot, Poland4233.157.mp4",240:426,0.2669191815346519,14.26896776689634,0.8400000000000002,34.62055443595723,0.9501132832665246
177,"/Users/dcortes/dev/livepeer/YT8M/videos/7/Katibim Türküsü Üzerine Varyasyonlar - Marmara Üniv. A.E.F. Çoksesli Korosu - Sopot, Poland4233.157.mp4",360:640,0.2855386596840266,14.507352304262028,0.8506666666666667,35.8274463122083,0.9623300471295734
178,"/Users/dcortes/dev/livepeer/YT8M/videos/7/Katibim Türküsü Üzerine Varyasyonlar - Marmara Üniv. A.E.F. Çoksesli Korosu - Sopot, Poland4233.157.mp4",480:854,0.27152965439511606,14.325367335568755,0.8186666666666669,38.28975322134247,0.9767382855973533
179,"/Users/dcortes/dev/livepeer/YT8M/videos/7/Katibim Türküsü Üzerine Varyasyonlar - Marmara Üniv. A.E.F. Çoksesli Korosu - Sopot, Poland4233.157.mp4",720:1280,0.24916330873980116,13.690725144702958,0.7766666666666666,39.98958338318126,0.9800447728307665
180,/Users/dcortes/dev/livepeer/YT8M/videos/7/Kawasaki KX250F 2014 with launch control4171.522.mp4,240:426,0.26237088902111455,14.426900444970991,0.7872222222222223,32.02530842019856,0.8017550385041324
181,/Users/dcortes/dev/livepeer/YT8M/videos/7/Kawasaki KX250F 2014 with launch control4171.522.mp4,360:640,0.2609785760377982,14.476657024184922,0.7500000000000001,34.029279512309685,0.8879823156838292
182,/Users/dcortes/dev/livepeer/YT8M/videos/7/Kawasaki KX250F 2014 with launch control4171.522.mp4,480:854,0.2400197270636025,13.872404864517083,0.735,34.3731591680212,0.8909054380478015
183,/Users/dcortes/dev/livepeer/YT8M/videos/7/Kawasaki KX250F 2014 with launch control4171.522.mp4,720:1280,0.20793567682140032,12.60978792215465,0.6483333333333334,36.33606200673349,0.9318934770206592
184,/Users/dcortes/dev/livepeer/YT8M/videos/7/Kruerz  Lição4325.556.mp4,240:426,0.20752422197860945,12.362331463485715,0.6409722222222224,36.542187490099224,0.9536320177178932
185,/Users/dcortes/dev/livepeer/YT8M/videos/7/Kruerz  Lição4325.556.mp4,360:640,0.19394337346145485,11.733989081796947,0.5833333333333334,39.06737251173715,0.9717231593921577
186,/Users/dcortes/dev/livepeer/YT8M/videos/7/Kruerz  Lição4325.556.mp4,480:854,0.16914605906962019,10.139373417020247,0.5243055555555557,41.321557705468734,0.9797787350696984
187,/Users/dcortes/dev/livepeer/YT8M/videos/7/Kruerz  Lição4325.556.mp4,720:1280,0.13374960735737432,8.82095293191633,0.4291666666666667,43.26637255059865,0.9838653336200854
188,/Users/dcortes/dev/livepeer/YT8M/videos/7/LAJ - Keep Talking (RED ALBUM)4076.061.mp4,240:426,0.1894616550923375,10.900374679728467,0.5902777777777778,42.605858256837436,0.9831257588826027
189,/Users/dcortes/dev/livepeer/YT8M/videos/7/LAJ - Keep Talking (RED ALBUM)4076.061.mp4,360:640,0.15809933222132824,9.205935708719815,0.46597222222222223,46.19981077074011,0.9912326277300667
190,/Users/dcortes/dev/livepeer/YT8M/videos/7/LAJ - Keep Talking (RED ALBUM)4076.061.mp4,480:854,0.13931163340637873,8.267946006115508,0.42291666666666666,47.92796072963416,0.9937396937750527
191,/Users/dcortes/dev/livepeer/YT8M/videos/7/LAJ - Keep Talking (RED ALBUM)4076.061.mp4,720:1280,0.09571793450639343,5.9946847297470205,0.3034722222222222,49.89223527419202,0.9952572925527973
192,/Users/dcortes/dev/livepeer/YT8M/videos/7/LAX A340 Night Takeoff 25R4331.25.mp4,240:426,0.24554432653870298,13.890353577883824,0.7733333333333334,42.11806382464406,0.9813736215236434
193,/Users/dcortes/dev/livepeer/YT8M/videos/7/LAX A340 Night Takeoff 25R4331.25.mp4,360:640,0.2646231495857679,13.874933774675291,0.7127777777777778,43.170037038964516,0.9854691363363223
194,/Users/dcortes/dev/livepeer/YT8M/videos/7/LAX A340 Night Takeoff 25R4331.25.mp4,480:854,0.18604020285399597,10.907354040584426,0.5111111111111112,46.40591742505655,0.9918949714278609
195,/Users/dcortes/dev/livepeer/YT8M/videos/7/LAX A340 Night Takeoff 25R4331.25.mp4,720:1280,0.17805018484651894,10.313782911236611,0.5188888888888888,46.78468452779163,0.9921093493432487
196,"/Users/dcortes/dev/livepeer/YT8M/videos/7/London Party Band - Soul, Pop, Funk, Rock & More - Unique Party Band For Hire3015.831.mp4",240:426,0.227479918308096,13.1011761123177,0.6886666666666669,40.44296538068748,0.9757699768818361
197,"/Users/dcortes/dev/livepeer/YT8M/videos/7/London Party Band - Soul, Pop, Funk, Rock & More - Unique Party Band For Hire3015.831.mp4",360:640,0.21284686057121227,12.255872214529738,0.642,42.51266078273105,0.983066331933709
198,"/Users/dcortes/dev/livepeer/YT8M/videos/7/London Party Band - Soul, Pop, Funk, Rock & More - Unique Party Band For Hire3015.831.mp4",480:854,0.19226529078236473,11.755684184601062,0.59,43.872248385633846,0.9859326562748437
199,"/Users/dcortes/dev/livepeer/YT8M/videos/7/London Party Band - Soul, Pop, Funk, Rock & More - Unique Party Band For Hire3015.831.mp4",720:1280,0.17646471963210986,10.80548060426461,0.5373333333333333,45.11144768502021,0.9880598233667729
200,/Users/dcortes/dev/livepeer/YT8M/videos/7/Long Hair Don't Care (Official Video 2013)4132.745.mp4,240:426,0.26019343055638644,14.492049922645885,0.7911111111111112,35.77128323216963,0.9526189653662684
201,/Users/dcortes/dev/livepeer/YT8M/videos/7/Long Hair Don't Care (Official Video 2013)4132.745.mp4,360:640,0.2327758426588161,13.536763975185185,0.7155555555555556,39.47085726599574,0.9762412077810626
202,/Users/dcortes/dev/livepeer/YT8M/videos/7/Long Hair Don't Care (Official Video 2013)4132.745.mp4,480:854,0.21830275024289836,13.144998794018647,0.7050000000000001,40.92803810769122,0.9795842471324062
203,/Users/dcortes/dev/livepeer/YT8M/videos/7/Long Hair Don't Care (Official Video 2013)4132.745.mp4,720:1280,0.20795289220821464,12.353394465165623,0.6444444444444445,42.76420461119661,0.983421354785271
204,/Users/dcortes/dev/livepeer/YT8M/videos/7/MOST INTENSE ENDING! Fnatic vs Mouz @ MLG LAN Finals DOTA 2 Gameplay5533.854.mp4,240:426,0.2370404068267543,13.399691455644662,0.7483333333333334,33.32079664224292,0.8858942298154296
205,/Users/dcortes/dev/livepeer/YT8M/videos/7/MOST INTENSE ENDING! Fnatic vs Mouz @ MLG LAN Finals DOTA 2 Gameplay5533.854.mp4,360:640,0.27239607446218034,14.331347555287062,0.7950000000000002,34.71033120579044,0.9227401923265943
206,/Users/dcortes/dev/livepeer/YT8M/videos/7/MOST INTENSE ENDING! Fnatic vs Mouz @ MLG LAN Finals DOTA 2 Gameplay5533.854.mp4,480:854,0.30130309436902913,15.160164290848297,0.7955555555555557,36.388150068184764,0.9535622362788416
207,/Users/dcortes/dev/livepeer/YT8M/videos/7/MOST INTENSE ENDING! Fnatic vs Mouz @ MLG LAN Finals DOTA 2 Gameplay5533.854.mp4,720:1280,0.18212966132867467,11.411475342585542,0.5872222222222222,38.64211737604986,0.9701688671302143
208,/Users/dcortes/dev/livepeer/YT8M/videos/7/Marcel Dettmann - DJ  @ TAICOCLUB'153565.765.mp4,240:426,0.25561671001931957,14.635347726638212,0.8077777777777778,38.54257212018349,0.9453712424523332
209,/Users/dcortes/dev/livepeer/YT8M/videos/7/Marcel Dettmann - DJ  @ TAICOCLUB'153565.765.mp4,360:640,0.24219635760271158,13.831978778022597,0.7344444444444446,40.454733892920935,0.9639313485707169
210,/Users/dcortes/dev/livepeer/YT8M/videos/7/Marcel Dettmann - DJ  @ TAICOCLUB'153565.765.mp4,480:854,0.23236692725216504,13.445033656626993,0.7016666666666667,43.75389258640346,0.9815395577936947
211,/Users/dcortes/dev/livepeer/YT8M/videos/7/Marcel Dettmann - DJ  @ TAICOCLUB'153565.765.mp4,720:1280,0.18951888198046737,11.387612109611378,0.6294444444444445,45.83342108845749,0.9860792799764773
212,/Users/dcortes/dev/livepeer/YT8M/videos/7/Maxed Out Lamborghini Veneno.  Asphalt 8 - Season 94149.622.mp4,240:426,0.27227679418092,15.266469406486056,0.8877777777777779,32.42089721695432,0.8274800414948048
213,/Users/dcortes/dev/livepeer/YT8M/videos/7/Maxed Out Lamborghini Veneno.  Asphalt 8 - Season 94149.622.mp4,360:640,0.2839618853708041,15.429429799665607,0.9011111111111113,33.58573098634773,0.8904437593074251
214,/Users/dcortes/dev/livepeer/YT8M/videos/7/Maxed Out Lamborghini Veneno.  Asphalt 8 - Season 94149.622.mp4,480:854,0.2646851985830498,14.362581326221282,0.8183333333333335,34.424346265896354,0.9160498519518183
215,/Users/dcortes/dev/livepeer/YT8M/videos/7/Maxed Out Lamborghini Veneno.  Asphalt 8 - Season 94149.622.mp4,720:1280,0.1970293932965875,11.266929275379061,0.5888888888888889,35.67640727288509,0.9406811020599506
216,/Users/dcortes/dev/livepeer/YT8M/videos/7/Modvorstellung DEERES MAP V14331.25.mp4,240:426,0.24993006564920642,14.781516405344508,0.8372222222222223,31.699831648133273,0.7573134563816564
217,/Users/dcortes/dev/livepeer/YT8M/videos/7/Modvorstellung DEERES MAP V14331.25.mp4,360:640,0.2440274768730611,14.423410500775189,0.8183333333333335,32.569963692569566,0.8240336490604451
218,/Users/dcortes/dev/livepeer/YT8M/videos/7/Modvorstellung DEERES MAP V14331.25.mp4,480:854,0.2471009317135451,14.607925166898731,0.8061111111111111,33.467970087180866,0.8730314578153351
219,/Users/dcortes/dev/livepeer/YT8M/videos/7/Modvorstellung DEERES MAP V14331.25.mp4,720:1280,0.252219976040254,14.736437204115841,0.7827777777777778,34.83392708309904,0.916050988455405
220,"/Users/dcortes/dev/livepeer/YT8M/videos/7/My Kitchen, Living Room, Renovation Project, Awesome Contractor & Crew5684.768.mp4",240:426,0.21704640291879793,13.06102254294702,0.6872222222222223,37.7517721752901,0.9658401291810896
221,"/Users/dcortes/dev/livepeer/YT8M/videos/7/My Kitchen, Living Room, Renovation Project, Awesome Contractor & Crew5684.768.mp4",360:640,0.18662970789105562,11.64708970830286,0.6077777777777779,39.94059492976765,0.9781720464608232
222,"/Users/dcortes/dev/livepeer/YT8M/videos/7/My Kitchen, Living Room, Renovation Project, Awesome Contractor & Crew5684.768.mp4",480:854,0.19215018709779913,11.610125825344523,0.5672222222222223,42.31531667890423,0.9852791183392954
223,"/Users/dcortes/dev/livepeer/YT8M/videos/7/My Kitchen, Living Room, Renovation Project, Awesome Contractor & Crew5684.768.mp4",720:1280,0.16566603218635026,10.50130199845658,0.5033333333333334,43.60559875654663,0.9868644705438333
224,/Users/dcortes/dev/livepeer/YT8M/videos/7/My Naruto Shippuden Cast4987.184.mp4,240:426,0.23917248090976517,13.879136042268602,0.7766666666666668,41.92561126098273,0.9887311225018455
225,/Users/dcortes/dev/livepeer/YT8M/videos/7/My Naruto Shippuden Cast4987.184.mp4,360:640,0.24010533491487995,13.923605723826253,0.7755555555555557,42.825638781628946,0.9877867713339638
226,/Users/dcortes/dev/livepeer/YT8M/videos/7/My Naruto Shippuden Cast4987.184.mp4,480:854,0.21724484188548723,13.240463088146653,0.7577777777777779,44.846066271525544,0.989853890448665
227,/Users/dcortes/dev/livepeer/YT8M/videos/7/My Naruto Shippuden Cast4987.184.mp4,720:1280,0.1679027652149014,10.264565367951768,0.5700000000000001,46.37614952051035,0.990856302597777
228,/Users/dcortes/dev/livepeer/YT8M/videos/7/My Video Drone vs. Massive Bee Hive4151.298.mp4,240:426,0.2815642706348641,14.93462233640701,0.8494444444444444,32.07515655333911,0.7995597293614274
229,/Users/dcortes/dev/livepeer/YT8M/videos/7/My Video Drone vs. Massive Bee Hive4151.298.mp4,360:640,0.25428939373877985,14.279681916069826,0.8088888888888889,33.02551582797816,0.8586538734117641
230,/Users/dcortes/dev/livepeer/YT8M/videos/7/My Video Drone vs. Massive Bee Hive4151.298.mp4,480:854,0.2756545156037256,14.842930724482944,0.812777777777778,33.87057002880215,0.8999619170992595
231,/Users/dcortes/dev/livepeer/YT8M/videos/7/My Video Drone vs. Massive Bee Hive4151.298.mp4,720:1280,0.23968888886938722,13.77731663993308,0.7400000000000001,35.19340690709458,0.9331762168295733
232,/Users/dcortes/dev/livepeer/YT8M/videos/7/NASCAR TOYOTA SERIE MÉXICO EN PHOENIX 20144253.945.mp4,240:426,0.22301696187760628,13.42905867779055,0.7116666666666667,34.5344698651104,0.9411316655336593
233,/Users/dcortes/dev/livepeer/YT8M/videos/7/NASCAR TOYOTA SERIE MÉXICO EN PHOENIX 20144253.945.mp4,360:640,0.21004491811909518,12.659106061205218,0.6705555555555556,36.68974189896496,0.9647299637704236
234,/Users/dcortes/dev/livepeer/YT8M/videos/7/NASCAR TOYOTA SERIE MÉXICO EN PHOENIX 20144253.945.mp4,480:854,0.1877765150073282,11.484033616180955,0.593888888888889,38.60134327678695,0.9754899190551922
235,/Users/dcortes/dev/livepeer/YT8M/videos/7/NASCAR TOYOTA SERIE MÉXICO EN PHOENIX 20144253.945.mp4,720:1280,0.17670484447265355,11.094638680194075,0.5605555555555557,39.74486064714066,0.9770324225169793
236,/Users/dcortes/dev/livepeer/YT8M/videos/7/Nail Art - Tutoriel Les pierres décoratives dans la technique de résine et poudre ANS2200.925.mp4,240:426,0.2612520376895528,14.782379687066944,0.8811111111111113,37.408735040665164,0.9248877169003126
237,/Users/dcortes/dev/livepeer/YT8M/videos/7/Nail Art - Tutoriel Les pierres décoratives dans la technique de résine et poudre ANS2200.925.mp4,360:640,0.18948228747982745,11.452559790629389,0.6205555555555555,39.4863100434772,0.9550812309494451
238,/Users/dcortes/dev/livepeer/YT8M/videos/7/Nail Art - Tutoriel Les pierres décoratives dans la technique de résine et poudre ANS2200.925.mp4,480:854,0.16309236270924585,10.26245514408152,0.5527777777777778,41.82216999158006,0.9731002225321457
239,/Users/dcortes/dev/livepeer/YT8M/videos/7/Nail Art - Tutoriel Les pierres décoratives dans la technique de résine et poudre ANS2200.925.mp4,720:1280,0.15417146109378774,10.063209028583513,0.52,43.73960177624552,0.9826201663916915
240,/Users/dcortes/dev/livepeer/YT8M/videos/7/Nokia Lumia 525 Disassembly2638.283.mp4,240:426,0.15321806062719556,11.888773119181952,0.5544444444444444,35.48481047675097,0.9564806618878615
241,/Users/dcortes/dev/livepeer/YT8M/videos/7/Nokia Lumia 525 Disassembly2638.283.mp4,360:640,0.16905241444516375,12.085442189927516,0.52,37.91216321206837,0.9760392365220573
242,/Users/dcortes/dev/livepeer/YT8M/videos/7/Nokia Lumia 525 Disassembly2638.283.mp4,480:854,0.1331823042526497,10.702159311362069,0.5294444444444444,41.80804149201335,0.9873869967713453
243,/Users/dcortes/dev/livepeer/YT8M/videos/7/Nokia Lumia 525 Disassembly2638.283.mp4,720:1280,0.08597295418349775,8.331900973864704,0.43833333333333335,44.83895222844452,0.9909603827629713
244,/Users/dcortes/dev/livepeer/YT8M/videos/7/Nymph line control by Jan Siman.m2ts6744.512.mp4,240:426,0.27631784186466674,15.059287246250454,0.8386666666666666,31.139176918152444,0.8040595148621485
245,/Users/dcortes/dev/livepeer/YT8M/videos/7/Nymph line control by Jan Siman.m2ts6744.512.mp4,360:640,0.2455666123667698,14.212613674773195,0.7559999999999998,32.22471748131717,0.8683862949568095
246,/Users/dcortes/dev/livepeer/YT8M/videos/7/Nymph line control by Jan Siman.m2ts6744.512.mp4,480:854,0.25844369979097953,14.526508886791524,0.7813333333333332,33.36487863675022,0.9031082535323774
247,/Users/dcortes/dev/livepeer/YT8M/videos/7/Nymph line control by Jan Siman.m2ts6744.512.mp4,720:1280,0.2352833731559189,13.45895437567415,0.7286666666666668,35.25011737156379,0.9349518655026323
248,/Users/dcortes/dev/livepeer/YT8M/videos/7/O.Torvald - Фейдери догори (live in OLIV.E)4130.314.mp4,240:426,0.20513873637586247,12.352435947767292,0.6853333333333335,38.86577259136506,0.9602597559017733
249,/Users/dcortes/dev/livepeer/YT8M/videos/7/O.Torvald - Фейдери догори (live in OLIV.E)4130.314.mp4,360:640,0.1677369574988441,10.750404224514233,0.5206666666666666,41.878468485405385,0.9786976412372776
250,/Users/dcortes/dev/livepeer/YT8M/videos/7/O.Torvald - Фейдери догори (live in OLIV.E)4130.314.mp4,480:854,0.17911061385736363,10.820159693918006,0.5599999999999998,43.63514699923868,0.9853737145057474
251,/Users/dcortes/dev/livepeer/YT8M/videos/7/O.Torvald - Фейдери догори (live in OLIV.E)4130.314.mp4,720:1280,0.14266415756861478,8.907745931599244,0.43666666666666665,45.27985483624743,0.9884933358217158
252,/Users/dcortes/dev/livepeer/YT8M/videos/7/ORPa 03 Kilpa Kuopio maalikooste4176.779.mp4,240:426,0.2601506546376164,14.691939498020021,0.8333333333333335,31.596579457791833,0.8116873284400852
253,/Users/dcortes/dev/livepeer/YT8M/videos/7/ORPa 03 Kilpa Kuopio maalikooste4176.779.mp4,360:640,0.2507802249769005,14.480234219407944,0.8046666666666665,32.764310302014025,0.8888603548001675
254,/Users/dcortes/dev/livepeer/YT8M/videos/7/ORPa 03 Kilpa Kuopio maalikooste4176.779.mp4,480:854,0.2299653267207969,13.724631624700683,0.7553333333333333,34.70038357159382,0.9413029304558402
255,/Users/dcortes/dev/livepeer/YT8M/videos/7/ORPa 03 Kilpa Kuopio maalikooste4176.779.mp4,720:1280,0.1963953253104489,12.294413209302613,0.6646666666666667,37.1358770843504,0.9657920228185296
256,/Users/dcortes/dev/livepeer/YT8M/videos/7/One-handed violinist combines art and teaching3456.393.mp4,240:426,0.20158552293544107,12.491744904730973,0.6638888888888889,38.2072924910098,0.964163459669518
257,/Users/dcortes/dev/livepeer/YT8M/videos/7/One-handed violinist combines art and teaching3456.393.mp4,360:640,0.17530768802820354,11.457611386336731,0.5798611111111112,41.00481545145491,0.9773449571985952
258,/Users/dcortes/dev/livepeer/YT8M/videos/7/One-handed violinist combines art and teaching3456.393.mp4,480:854,0.14398884281969992,8.950706298267948,0.4368055555555556,42.60298524301607,0.9815631953265355
259,/Users/dcortes/dev/livepeer/YT8M/videos/7/One-handed violinist combines art and teaching3456.393.mp4,720:1280,0.12841873631870346,8.34538589707953,0.42569444444444454,42.92190873206837,0.981239873687481
260,/Users/dcortes/dev/livepeer/YT8M/videos/7/Opening And Closing to Playhouse Disney-Disney Channel Series Episodes 2007 DVD(Fake)3131.601.mp4,240:426,0.25234744942364384,13.827166076745577,0.8216666666666669,42.292699372069016,0.9923081494098845
261,/Users/dcortes/dev/livepeer/YT8M/videos/7/Opening And Closing to Playhouse Disney-Disney Channel Series Episodes 2007 DVD(Fake)3131.601.mp4,360:640,0.27663043288138806,14.376984165196872,0.818888888888889,43.125589177800485,0.9920863277775583
262,/Users/dcortes/dev/livepeer/YT8M/videos/7/Opening And Closing to Playhouse Disney-Disney Channel Series Episodes 2007 DVD(Fake)3131.601.mp4,480:854,0.24005246511717362,13.1188877356372,0.7516666666666668,46.77796237079449,0.9961701325611668
263,/Users/dcortes/dev/livepeer/YT8M/videos/7/Opening And Closing to Playhouse Disney-Disney Channel Series Episodes 2007 DVD(Fake)3131.601.mp4,720:1280,0.24990438849015778,13.695171515333609,0.7872222222222223,49.28181545524884,0.9960725392839294
264,/Users/dcortes/dev/livepeer/YT8M/videos/7/Outside Playground Fun and minecraft Hangers s2​​​5014.332.mp4,240:426,0.27876811345711133,14.840579334777782,0.8406666666666667,33.25724877633504,0.8925882874689383
265,/Users/dcortes/dev/livepeer/YT8M/videos/7/Outside Playground Fun and minecraft Hangers s2​​​5014.332.mp4,360:640,0.2790116220559011,14.668270134673264,0.7993333333333333,34.69158815200869,0.9300456921695394
266,/Users/dcortes/dev/livepeer/YT8M/videos/7/Outside Playground Fun and minecraft Hangers s2​​​5014.332.mp4,480:854,0.2615800740753913,14.227436551363683,0.7766666666666666,35.817569979881405,0.9466306450809605
267,/Users/dcortes/dev/livepeer/YT8M/videos/7/Outside Playground Fun and minecraft Hangers s2​​​5014.332.mp4,720:1280,0.2609210302834015,13.868037811245811,0.7800000000000001,36.47929669748506,0.9499654941522073
268,/Users/dcortes/dev/livepeer/YT8M/videos/7/PASTELES DE VAINILLA - Receta de postre casero4312.014.mp4,240:426,0.21489387424832973,12.856383937843669,0.6583333333333333,40.67107160947187,0.9808560245295607
269,/Users/dcortes/dev/livepeer/YT8M/videos/7/PASTELES DE VAINILLA - Receta de postre casero4312.014.mp4,360:640,0.20351460039743188,12.439446741303227,0.6625,42.06023243537733,0.9839960410928313
270,/Users/dcortes/dev/livepeer/YT8M/videos/7/PASTELES DE VAINILLA - Receta de postre casero4312.014.mp4,480:854,0.1865909098060905,11.726794727258403,0.611111111111111,45.41294906598645,0.9898625218450251
271,/Users/dcortes/dev/livepeer/YT8M/videos/7/PASTELES DE VAINILLA - Receta de postre casero4312.014.mp4,720:1280,0.16736493994578883,10.54068923859993,0.5458333333333334,46.30281211767832,0.9907018443719152
272,/Users/dcortes/dev/livepeer/YT8M/videos/7/Panasonic　AG-AF105　SampleMovie4180.951.mp4,240:426,0.20064577619522939,12.051922979426651,0.6277777777777778,35.6690555656321,0.9527594862543602
273,/Users/dcortes/dev/livepeer/YT8M/videos/7/Panasonic　AG-AF105　SampleMovie4180.951.mp4,360:640,0.1929584525895158,11.2634362214772,0.5722222222222222,38.231024053816064,0.9725846287414237
274,/Users/dcortes/dev/livepeer/YT8M/videos/7/Panasonic　AG-AF105　SampleMovie4180.951.mp4,480:854,0.1538628751149662,9.562023071031273,0.48611111111111116,40.50142922652039,0.9814231606869539
275,/Users/dcortes/dev/livepeer/YT8M/videos/7/Panasonic　AG-AF105　SampleMovie4180.951.mp4,720:1280,0.14625457813759082,9.052650736450355,0.4312500000000001,41.28668837587964,0.9833209474083162
276,/Users/dcortes/dev/livepeer/YT8M/videos/7/Passenger - Let Her Go (Matt Greger Acoustic Cover)3751.81.mp4,240:426,0.20389701785758926,12.556176088525097,0.6926666666666668,36.701113606659966,0.9732248598294378
277,/Users/dcortes/dev/livepeer/YT8M/videos/7/Passenger - Let Her Go (Matt Greger Acoustic Cover)3751.81.mp4,360:640,0.20829194582295896,12.058929686255203,0.6306666666666666,38.84717238955016,0.9819630082846136
278,/Users/dcortes/dev/livepeer/YT8M/videos/7/Passenger - Let Her Go (Matt Greger Acoustic Cover)3751.81.mp4,480:854,0.18400965804097763,11.126196546481331,0.5946666666666666,40.87498585345453,0.9859316442370543
279,/Users/dcortes/dev/livepeer/YT8M/videos/7/Passenger - Let Her Go (Matt Greger Acoustic Cover)3751.81.mp4,720:1280,0.14977347247786862,9.697351733219183,0.5046666666666666,42.73922569957143,0.9878458567154736
280,/Users/dcortes/dev/livepeer/YT8M/videos/7/Piccioni spezia4180.213.mp4,240:320,0.13314902666739675,10.073875293166049,0.5647798742138365,34.88984656052501,0.961761385589492
281,/Users/dcortes/dev/livepeer/YT8M/videos/7/Piccioni spezia4180.213.mp4,360:480,0.1511568509111857,11.74479306758378,0.4440579710144927,37.063569383985545,0.9803453469923045
282,/Users/dcortes/dev/livepeer/YT8M/videos/7/Piccioni spezia4180.213.mp4,480:640,0.10573273899826505,10.3008310676734,0.4801169590643275,41.956549826704666,0.9943147136039345
283,/Users/dcortes/dev/livepeer/YT8M/videos/7/Piccioni spezia4180.213.mp4,720:960,0.08689133329728213,7.038707897961474,0.34310344827586214,46.80785916385606,0.997234922721442
284,/Users/dcortes/dev/livepeer/YT8M/videos/7/Plated Burrata Salad - Inside My Kitchen4031.785.mp4,240:426,0.19860875427251812,11.713177783694187,0.6263888888888888,35.545506274244964,0.9542468633463509
285,/Users/dcortes/dev/livepeer/YT8M/videos/7/Plated Burrata Salad - Inside My Kitchen4031.785.mp4,360:640,0.15025299871085193,9.093675323382302,0.54375,38.121190176453496,0.9743734318629599
286,/Users/dcortes/dev/livepeer/YT8M/videos/7/Plated Burrata Salad - Inside My Kitchen4031.785.mp4,480:854,0.0984954101074345,6.389127984194711,0.33749999999999997,41.57643945937845,0.9847180722972846
287,/Users/dcortes/dev/livepeer/YT8M/videos/7/Plated Burrata Salad - Inside My Kitchen4031.785.mp4,720:1280,0.1131109091150639,7.006421031589858,0.40972222222222215,42.89341019329354,0.9856729595640182
288,"/Users/dcortes/dev/livepeer/YT8M/videos/7/QStar RS9 General, 1920x1080-25, облачно4331.25.mp4",240:426,0.2260078290003468,14.240740182167468,0.8813333333333334,33.63958328478843,0.8689302820845364
289,"/Users/dcortes/dev/livepeer/YT8M/videos/7/QStar RS9 General, 1920x1080-25, облачно4331.25.mp4",360:640,0.18255665064949267,13.031048547283353,0.7573333333333333,35.17672822461511,0.9175163733175576
290,"/Users/dcortes/dev/livepeer/YT8M/videos/7/QStar RS9 General, 1920x1080-25, облачно4331.25.mp4",480:854,0.19906079536064936,13.044309778137041,0.8473333333333332,36.151876942663016,0.9442126176861407
291,"/Users/dcortes/dev/livepeer/YT8M/videos/7/QStar RS9 General, 1920x1080-25, облачно4331.25.mp4",720:1280,0.1788330681216945,12.241836867014701,0.7266666666666669,38.22222935382447,0.9692140782382215
292,/Users/dcortes/dev/livepeer/YT8M/videos/7/RYTMIKA.sk - Drum circle TEDx Bratislava4145.911.mp4,240:426,0.24226119325384224,14.12438301500188,0.8193333333333335,33.48794148717829,0.9067110378513961
293,/Users/dcortes/dev/livepeer/YT8M/videos/7/RYTMIKA.sk - Drum circle TEDx Bratislava4145.911.mp4,360:640,0.20606047695347557,12.450538951632396,0.6986666666666668,36.270323913689424,0.9528754393245505
294,/Users/dcortes/dev/livepeer/YT8M/videos/7/RYTMIKA.sk - Drum circle TEDx Bratislava4145.911.mp4,480:854,0.21978215252725664,13.034214173725225,0.69,37.8144249351956,0.9659771456853838
295,/Users/dcortes/dev/livepeer/YT8M/videos/7/RYTMIKA.sk - Drum circle TEDx Bratislava4145.911.mp4,720:1280,0.28610619095931744,15.248824084653378,0.8953333333333333,28.576093041706127,0.6111480032081434
296,"/Users/dcortes/dev/livepeer/YT8M/videos/7/Raju Lama Singing A Song Kanchhi He Kanchhi In Nagoya, Japan3781.593.mp4",240:426,0.24798255546985334,14.055581704172493,0.8483333333333334,39.23558222553708,0.9658871538025426
297,"/Users/dcortes/dev/livepeer/YT8M/videos/7/Raju Lama Singing A Song Kanchhi He Kanchhi In Nagoya, Japan3781.593.mp4",360:640,0.23989103208690069,13.445707457850974,0.7894444444444446,41.546362695662495,0.9776523466662361
298,"/Users/dcortes/dev/livepeer/YT8M/videos/7/Raju Lama Singing A Song Kanchhi He Kanchhi In Nagoya, Japan3781.593.mp4",480:854,0.2269878703803414,13.024359128803297,0.7533333333333334,43.287158167377676,0.9831005476658304
299,"/Users/dcortes/dev/livepeer/YT8M/videos/7/Raju Lama Singing A Song Kanchhi He Kanchhi In Nagoya, Japan3781.593.mp4",720:1280,0.2113115477422059,12.649748632683043,0.7133333333333334,44.950823697187,0.9872250239562208
300,/Users/dcortes/dev/livepeer/YT8M/videos/7/Rallye Terre de Lozère 2014 [HD]4331.25.mp4,240:426,0.252024105823289,14.32241127487901,0.7919999999999999,32.901546323295726,0.8462018354446598
301,/Users/dcortes/dev/livepeer/YT8M/videos/7/Rallye Terre de Lozère 2014 [HD]4331.25.mp4,360:640,0.2465871266312801,13.916285621698663,0.7313333333333333,35.20396178753123,0.9194963610098985
302,/Users/dcortes/dev/livepeer/YT8M/videos/7/Rallye Terre de Lozère 2014 [HD]4331.25.mp4,480:854,0.23394388315785763,13.26977018099388,0.7146666666666668,36.34855293306667,0.9368171749837062
303,/Users/dcortes/dev/livepeer/YT8M/videos/7/Rallye Terre de Lozère 2014 [HD]4331.25.mp4,720:1280,0.18534256418083253,11.355108900222097,0.6026666666666666,38.85433776762805,0.9625236185103517
304,/Users/dcortes/dev/livepeer/YT8M/videos/7/S.O.S. Let the Music Play - Final Fantasy - Jordin Sparks4331.25.mp4,240:426,0.2541094767630238,14.371866787494161,0.8256944444444446,31.87543223601081,0.8423873580837965
305,/Users/dcortes/dev/livepeer/YT8M/videos/7/S.O.S. Let the Music Play - Final Fantasy - Jordin Sparks4331.25.mp4,360:640,0.2335451093569957,13.509487995672083,0.7569444444444445,33.74003218958365,0.9033876416097768
306,/Users/dcortes/dev/livepeer/YT8M/videos/7/S.O.S. Let the Music Play - Final Fantasy - Jordin Sparks4331.25.mp4,480:854,0.20643985418464572,12.20333942739432,0.6680555555555556,35.56504240845965,0.9352691359150711
307,/Users/dcortes/dev/livepeer/YT8M/videos/7/S.O.S. Let the Music Play - Final Fantasy - Jordin Sparks4331.25.mp4,720:1280,0.17281330794331928,10.570728037792085,0.5333333333333333,37.825333058601565,0.956756462266752
308,/Users/dcortes/dev/livepeer/YT8M/videos/7/SM 2011 Lindy Hop4222.925.mp4,240:426,0.23628944592805368,13.150063910548655,0.7240000000000001,39.997491143621744,0.9587975902038849
309,/Users/dcortes/dev/livepeer/YT8M/videos/7/SM 2011 Lindy Hop4222.925.mp4,360:640,0.21994823909753783,12.468179007283927,0.6619999999999999,41.53686502941053,0.9687804478604279
310,/Users/dcortes/dev/livepeer/YT8M/videos/7/SM 2011 Lindy Hop4222.925.mp4,480:854,0.25739897285972585,13.380554704342721,0.7153333333333332,43.15814847254716,0.9758699085806133
311,/Users/dcortes/dev/livepeer/YT8M/videos/7/SM 2011 Lindy Hop4222.925.mp4,720:1280,0.21450223297215307,12.31261082640808,0.6253333333333333,44.75260294068724,0.9812310772471217
312,/Users/dcortes/dev/livepeer/YT8M/videos/7/STATIONARY CONCRETE BATCHING PLANT VIDEO3840.842.mp4,240:320,0.27740382415009446,14.821571354187027,0.8361111111111111,35.05237523614423,0.9480113900877133
313,/Users/dcortes/dev/livepeer/YT8M/videos/7/STATIONARY CONCRETE BATCHING PLANT VIDEO3840.842.mp4,360:480,0.18676140079029324,10.536005665261625,0.5566666666666668,35.959087762615944,0.9519278740855993
314,/Users/dcortes/dev/livepeer/YT8M/videos/7/STATIONARY CONCRETE BATCHING PLANT VIDEO3840.842.mp4,480:640,0.16670423047438263,9.849509562607121,0.5166666666666668,37.58284123400467,0.9697207804494812
315,/Users/dcortes/dev/livepeer/YT8M/videos/7/STATIONARY CONCRETE BATCHING PLANT VIDEO3840.842.mp4,720:960,0.28577890751534873,15.063725158271932,0.8561111111111113,29.655889477727516,0.5106990378845638
316,/Users/dcortes/dev/livepeer/YT8M/videos/7/SUPERMAN IS DEAD - Sunset Di Tanah Anarki (Official Video)3785.362.mp4,240:426,0.20457273606038565,12.598585398517768,0.6586666666666667,36.95904568777221,0.9496781361435671
317,/Users/dcortes/dev/livepeer/YT8M/videos/7/SUPERMAN IS DEAD - Sunset Di Tanah Anarki (Official Video)3785.362.mp4,360:640,0.19140731434104663,11.938175745299878,0.6313333333333333,38.09472308398615,0.9554236682774616
318,/Users/dcortes/dev/livepeer/YT8M/videos/7/SUPERMAN IS DEAD - Sunset Di Tanah Anarki (Official Video)3785.362.mp4,480:854,0.17484978169616444,11.008252618019956,0.5666666666666667,40.47596089890251,0.9713024720214121
319,/Users/dcortes/dev/livepeer/YT8M/videos/7/SUPERMAN IS DEAD - Sunset Di Tanah Anarki (Official Video)3785.362.mp4,720:1280,0.14073344592908743,8.937297406925651,0.4693333333333333,42.04529998104611,0.9768231507925681
320,/Users/dcortes/dev/livepeer/YT8M/videos/7/Salon de l'automobile de Genève4174.236.mp4,240:426,0.24870110183317007,14.833780709880992,0.8416666666666667,35.484336984322816,0.9392253184704794
321,/Users/dcortes/dev/livepeer/YT8M/videos/7/Salon de l'automobile de Genève4174.236.mp4,360:640,0.2471554151977535,14.382980718069545,0.8011111111111113,36.94373006512714,0.9622766834230941
322,/Users/dcortes/dev/livepeer/YT8M/videos/7/Salon de l'automobile de Genève4174.236.mp4,480:854,0.2592165954197464,14.398843012596778,0.8122222222222225,39.11383351076878,0.9791657092762022
323,/Users/dcortes/dev/livepeer/YT8M/videos/7/Salon de l'automobile de Genève4174.236.mp4,720:1280,0.19601932192826405,11.941872844975318,0.6705555555555556,40.67684800188487,0.9829936947127084
324,/Users/dcortes/dev/livepeer/YT8M/videos/7/Shimano Stella vs Shark4156.289.mp4,240:426,0.2692630117035813,15.18731231499129,0.8644444444444446,31.971443887557477,0.8399817221883411
325,/Users/dcortes/dev/livepeer/YT8M/videos/7/Shimano Stella vs Shark4156.289.mp4,360:640,0.24183519218665903,14.037509329685877,0.7922222222222222,33.68427774680858,0.9041025441679373
326,/Users/dcortes/dev/livepeer/YT8M/videos/7/Shimano Stella vs Shark4156.289.mp4,480:854,0.2509039149880488,14.405501227570285,0.8044444444444444,34.7667220656313,0.9231917035281739
327,/Users/dcortes/dev/livepeer/YT8M/videos/7/Shimano Stella vs Shark4156.289.mp4,720:1280,0.22166000054836768,13.0649414879763,0.7333333333333333,36.42450101455106,0.9437648630352446
328,/Users/dcortes/dev/livepeer/YT8M/videos/7/Shot at the Night by The Killers-Piano Cover2696.197.mp4,240:426,0.20703639870440724,11.867386237299684,0.5893333333333333,41.870051046689305,0.9811945989176947
329,/Users/dcortes/dev/livepeer/YT8M/videos/7/Shot at the Night by The Killers-Piano Cover2696.197.mp4,360:640,0.17470007050442224,10.217154289305311,0.5000000000000001,42.557573173745055,0.9807980796266683
330,/Users/dcortes/dev/livepeer/YT8M/videos/7/Shot at the Night by The Killers-Piano Cover2696.197.mp4,480:854,0.15993953849180706,9.51396625657353,0.4599999999999999,44.11765289337214,0.9841820458807821
331,/Users/dcortes/dev/livepeer/YT8M/videos/7/Shot at the Night by The Killers-Piano Cover2696.197.mp4,720:1280,0.1472748965676631,8.994537728804804,0.42,45.51747180530684,0.9871773153712954
332,/Users/dcortes/dev/livepeer/YT8M/videos/7/Silly Sally -  Ahmadineyad Plays the Drums4331.25.mp4,240:426,0.2160453505732924,12.732795362562232,0.6694063926940639,44.6516266707074,0.9882878496547652
333,/Users/dcortes/dev/livepeer/YT8M/videos/7/Silly Sally -  Ahmadineyad Plays the Drums4331.25.mp4,360:640,0.19977141468497958,11.909369026547607,0.6219178082191781,45.41484123514456,0.988569748174573
334,/Users/dcortes/dev/livepeer/YT8M/videos/7/Silly Sally -  Ahmadineyad Plays the Drums4331.25.mp4,480:854,0.19489714646031167,11.297226952686154,0.5917808219178082,48.13371002192898,0.9935233195160891
335,/Users/dcortes/dev/livepeer/YT8M/videos/7/Silly Sally -  Ahmadineyad Plays the Drums4331.25.mp4,720:1280,0.16923571425313985,9.927947193243604,0.5214611872146118,49.8265975334752,0.9952757913152045
336,/Users/dcortes/dev/livepeer/YT8M/videos/7/Soduh - Black Lemonade Private Reserve4129.926.mp4,240:426,0.1845008942246215,12.917676149391534,0.6208333333333332,38.33926548129002,0.9755778533646581
337,/Users/dcortes/dev/livepeer/YT8M/videos/7/Soduh - Black Lemonade Private Reserve4129.926.mp4,360:640,0.18420181731491572,12.896423899465091,0.5930555555555554,39.77908572094458,0.978870332735919
338,/Users/dcortes/dev/livepeer/YT8M/videos/7/Soduh - Black Lemonade Private Reserve4129.926.mp4,480:854,0.2039276148096886,13.198247651661186,0.6215277777777777,43.88195845000357,0.9885008233308694
339,/Users/dcortes/dev/livepeer/YT8M/videos/7/Soduh - Black Lemonade Private Reserve4129.926.mp4,720:1280,0.059173422883319754,4.675669186834928,0.18472222222222223,45.291772141501816,0.9884832964202109
340,/Users/dcortes/dev/livepeer/YT8M/videos/7/Sony A7 II camera review4147.66.mp4,240:426,0.25257602072415614,14.637169618578865,0.8200000000000001,37.37371016276647,0.9613229410275823
341,/Users/dcortes/dev/livepeer/YT8M/videos/7/Sony A7 II camera review4147.66.mp4,360:640,0.25377528913941017,14.653145150609914,0.6999999999999998,39.221699858430675,0.9771839172417631
342,/Users/dcortes/dev/livepeer/YT8M/videos/7/Sony A7 II camera review4147.66.mp4,480:854,0.15792346271828434,10.620810104100947,0.5555555555555555,42.72564518264929,0.9881330686369724
343,/Users/dcortes/dev/livepeer/YT8M/videos/7/Sony A7 II camera review4147.66.mp4,720:1280,0.12612674486875694,9.126313794691963,0.5916666666666666,44.547417315052265,0.9925527272793931
344,/Users/dcortes/dev/livepeer/YT8M/videos/7/Sony HDR-CX2204214.951.mp4,240:426,0.27564679354242,15.209139468971369,0.8227777777777779,34.34906425019926,0.9493538692676916
345,/Users/dcortes/dev/livepeer/YT8M/videos/7/Sony HDR-CX2204214.951.mp4,360:640,0.2374025361524699,14.199624239668385,0.7811111111111112,35.891061051793734,0.9669027517582595
346,/Users/dcortes/dev/livepeer/YT8M/videos/7/Sony HDR-CX2204214.951.mp4,480:854,0.21920831140766273,13.68467599463184,0.7566666666666667,36.96281974512399,0.9727546603084875
347,/Users/dcortes/dev/livepeer/YT8M/videos/7/Sony HDR-CX2204214.951.mp4,720:1280,0.2227124585987539,13.440955861737557,0.718888888888889,38.189712643783224,0.9758293157769228
348,/Users/dcortes/dev/livepeer/YT8M/videos/7/Summertime Sadness by Moonlight (Oficial)3878.796.mp4,240:426,0.2723572688909087,14.357276763721499,0.7756944444444445,38.33418172041779,0.9717484655808839
349,/Users/dcortes/dev/livepeer/YT8M/videos/7/Summertime Sadness by Moonlight (Oficial)3878.796.mp4,360:640,0.2390010735645729,13.590412827496108,0.7736111111111112,39.62978707510149,0.9812883829125582
350,/Users/dcortes/dev/livepeer/YT8M/videos/7/Summertime Sadness by Moonlight (Oficial)3878.796.mp4,480:854,0.23860245983971465,13.295790072659996,0.7722222222222223,42.22070473799969,0.9906028087217752
351,/Users/dcortes/dev/livepeer/YT8M/videos/7/Summertime Sadness by Moonlight (Oficial)3878.796.mp4,720:1280,0.19124513402077362,11.212352898219288,0.6326388888888889,45.110980259865094,0.9940582830256699
352,/Users/dcortes/dev/livepeer/YT8M/videos/7/TIRANDO DA CAIXA - LEGO Lord of the Rings4130.7.mp4,240:426,0.16341505053865554,10.849703463420239,0.5744444444444444,34.047397780284776,0.9354621659202697
353,/Users/dcortes/dev/livepeer/YT8M/videos/7/TIRANDO DA CAIXA - LEGO Lord of the Rings4130.7.mp4,360:640,0.12827074351193388,8.283209582849242,0.3977777777777778,36.73176168239205,0.9654293613949896
354,/Users/dcortes/dev/livepeer/YT8M/videos/7/TIRANDO DA CAIXA - LEGO Lord of the Rings4130.7.mp4,480:854,0.1125668335773881,7.466069942746968,0.3694444444444444,38.13474143634528,0.972260346188716
355,/Users/dcortes/dev/livepeer/YT8M/videos/7/TIRANDO DA CAIXA - LEGO Lord of the Rings4130.7.mp4,720:1280,0.2529719372153,14.574952304455193,0.837777777777778,28.355442891533524,0.6711788611116629
356,/Users/dcortes/dev/livepeer/YT8M/videos/7/TUFFI BERGEGGI GOPRO4190.65.mp4,240:426,0.25423033632230096,14.647066486541044,0.8472222222222222,30.713850629219504,0.7005592433774972
357,/Users/dcortes/dev/livepeer/YT8M/videos/7/TUFFI BERGEGGI GOPRO4190.65.mp4,360:640,0.25693001641451374,14.374273150735387,0.8316666666666668,31.05283994130311,0.7623298183952315
358,/Users/dcortes/dev/livepeer/YT8M/videos/7/TUFFI BERGEGGI GOPRO4190.65.mp4,480:854,0.253390441294116,14.291881714052092,0.795,31.302261689664455,0.805976531963218
359,/Users/dcortes/dev/livepeer/YT8M/videos/7/TUFFI BERGEGGI GOPRO4190.65.mp4,720:1280,0.22869361834536156,13.473638474735004,0.7433333333333334,31.74187490346595,0.8503027560835099
360,/Users/dcortes/dev/livepeer/YT8M/videos/7/The Devil Wears Prada - Assistant To The Regional Manager (DRUM COVER)4331.25.mp4,240:426,0.22685997666666274,12.432308514496086,0.6940000000000001,35.03765400086259,0.9539180649054155
361,/Users/dcortes/dev/livepeer/YT8M/videos/7/The Devil Wears Prada - Assistant To The Regional Manager (DRUM COVER)4331.25.mp4,360:640,0.21120742962077815,11.932048424073152,0.6893333333333332,36.827036789722946,0.9680430690437511
362,/Users/dcortes/dev/livepeer/YT8M/videos/7/The Devil Wears Prada - Assistant To The Regional Manager (DRUM COVER)4331.25.mp4,480:854,0.11340485849729313,7.058260749826238,0.43200000000000005,39.041671866510775,0.9772573783140538
363,/Users/dcortes/dev/livepeer/YT8M/videos/7/The Devil Wears Prada - Assistant To The Regional Manager (DRUM COVER)4331.25.mp4,720:1280,0.12312301697035535,7.2454131350585875,0.4293333333333333,40.990947199659665,0.9804671719345665
364,/Users/dcortes/dev/livepeer/YT8M/videos/7/The best wotlk private server Sos server3454.473.mp4,240:240,0.25841846584257877,14.323509890058677,0.7711111111111112,33.797950204128526,0.8780677869289206
365,/Users/dcortes/dev/livepeer/YT8M/videos/7/The best wotlk private server Sos server3454.473.mp4,360:360,0.2292459449081825,13.143434574123523,0.6933333333333335,34.2276394965488,0.889293530482155
366,/Users/dcortes/dev/livepeer/YT8M/videos/7/The best wotlk private server Sos server3454.473.mp4,480:480,0.21888401042728106,12.729724498527032,0.6350000000000001,38.260746718834824,0.9639135902871947
367,/Users/dcortes/dev/livepeer/YT8M/videos/7/The best wotlk private server Sos server3454.473.mp4,720:720,0.20173445895848718,11.9511013015163,0.6027777777777779,37.85290506099909,0.9534865618094438
368,/Users/dcortes/dev/livepeer/YT8M/videos/7/Tilki ve Aylin4331.25.mp4,240:426,0.22346228459495712,13.348071880625051,0.673888888888889,42.24725845824093,0.9837242885899083
369,/Users/dcortes/dev/livepeer/YT8M/videos/7/Tilki ve Aylin4331.25.mp4,360:640,0.14693781556055813,9.634466784143168,0.46333333333333343,43.928890156132226,0.9857635988703202
370,/Users/dcortes/dev/livepeer/YT8M/videos/7/Tilki ve Aylin4331.25.mp4,480:854,0.14026234815164645,8.117131109235217,0.4138888888888889,46.811633499868414,0.9901284099715265
371,/Users/dcortes/dev/livepeer/YT8M/videos/7/Tilki ve Aylin4331.25.mp4,720:1280,0.10590682117731247,6.536673122077919,0.31277777777777777,48.57081569831509,0.9919468759302357
372,/Users/dcortes/dev/livepeer/YT8M/videos/7/Toverland - Djengu River met een kano door de magische vallei.4331.25.mp4,240:426,0.24369297933762887,13.881617633246446,0.7911111111111111,33.669943534301915,0.8405161434479579
373,/Users/dcortes/dev/livepeer/YT8M/videos/7/Toverland - Djengu River met een kano door de magische vallei.4331.25.mp4,360:640,0.2158133887559123,12.975921754476945,0.6972222222222223,35.15063609279774,0.9005987116709718
374,/Users/dcortes/dev/livepeer/YT8M/videos/7/Toverland - Djengu River met een kano door de magische vallei.4331.25.mp4,480:854,0.22956814006446763,13.271800918076027,0.6972222222222223,35.88361455855267,0.9203606959851389
375,/Users/dcortes/dev/livepeer/YT8M/videos/7/Toverland - Djengu River met een kano door de magische vallei.4331.25.mp4,720:1280,0.19257624276604524,11.797082965670938,0.6150000000000001,37.883729644600926,0.9542085719765782
376,/Users/dcortes/dev/livepeer/YT8M/videos/7/True Norwegian Jazz Metal - Craig Reynolds Drums3648.178.mp4,240:426,0.28854983889472435,15.605288961482302,0.8733333333333334,34.832572756671404,0.9493851731870012
377,/Users/dcortes/dev/livepeer/YT8M/videos/7/True Norwegian Jazz Metal - Craig Reynolds Drums3648.178.mp4,360:640,0.23950702720140618,13.973885274620034,0.8855555555555555,36.93754713953496,0.9718865331936671
378,/Users/dcortes/dev/livepeer/YT8M/videos/7/True Norwegian Jazz Metal - Craig Reynolds Drums3648.178.mp4,480:854,0.20594351068328398,12.479117068317827,0.6344444444444445,39.09387466972067,0.982303823345833
379,/Users/dcortes/dev/livepeer/YT8M/videos/7/True Norwegian Jazz Metal - Craig Reynolds Drums3648.178.mp4,720:1280,0.19538654253094234,11.152713549435013,0.5950000000000001,41.183988232056535,0.9865702047428672
380,/Users/dcortes/dev/livepeer/YT8M/videos/7/Un Widget pour la musique dans le centre des notifications d'iOS 72639.347.mp4,240:426,0.2261299393818284,12.31705352281768,0.5449999999999998,38.07322513427845,0.972758652626667
381,/Users/dcortes/dev/livepeer/YT8M/videos/7/Un Widget pour la musique dans le centre des notifications d'iOS 72639.347.mp4,360:640,0.18343942488089085,10.934766245577602,0.5022222222222221,39.42224132492856,0.979891334348721
382,/Users/dcortes/dev/livepeer/YT8M/videos/7/Un Widget pour la musique dans le centre des notifications d'iOS 72639.347.mp4,480:854,0.08577967940408261,5.4237885160235635,0.2638888888888889,42.081204239464384,0.9868749776237552
383,/Users/dcortes/dev/livepeer/YT8M/videos/7/Un Widget pour la musique dans le centre des notifications d'iOS 72639.347.mp4,720:1280,0.09706045019418458,6.090105098997793,0.29055555555555557,43.5643594133008,0.9887894754356296
384,/Users/dcortes/dev/livepeer/YT8M/videos/7/Valerie's HipHop Dance Recital6635.489.mp4,240:426,0.2769219594950949,15.1968802560923,0.8661111111111112,32.99596112075199,0.9004189199888898
385,/Users/dcortes/dev/livepeer/YT8M/videos/7/Valerie's HipHop Dance Recital6635.489.mp4,360:640,0.2390995241458123,13.825878388991411,0.7811111111111112,34.45027190967915,0.9379173602879374
386,/Users/dcortes/dev/livepeer/YT8M/videos/7/Valerie's HipHop Dance Recital6635.489.mp4,480:854,0.20637202617715628,12.764485587569931,0.6905555555555556,36.67517050712442,0.9664120603989291
387,/Users/dcortes/dev/livepeer/YT8M/videos/7/Valerie's HipHop Dance Recital6635.489.mp4,720:1280,0.20367780998070892,12.443357811103759,0.6650000000000001,37.85492619797403,0.9690985592672866
388,/Users/dcortes/dev/livepeer/YT8M/videos/7/five finger death punch - wrecking ball guitar cover (With solo and tabs!)2826.591.mp4,240:426,0.24886092079658634,14.53378416999376,0.7944444444444445,37.55990798590104,0.9738591539919128
389,/Users/dcortes/dev/livepeer/YT8M/videos/7/five finger death punch - wrecking ball guitar cover (With solo and tabs!)2826.591.mp4,360:640,0.22377235205291618,13.484692739927716,0.711111111111111,39.370812996410635,0.9804731447218439
390,/Users/dcortes/dev/livepeer/YT8M/videos/7/five finger death punch - wrecking ball guitar cover (With solo and tabs!)2826.591.mp4,480:854,0.18807085262487439,11.798389529553287,0.645,40.986867569700344,0.9830085468940102
391,/Users/dcortes/dev/livepeer/YT8M/videos/7/five finger death punch - wrecking ball guitar cover (With solo and tabs!)2826.591.mp4,720:1280,0.19341998227280902,11.966437720895824,0.6588888888888889,42.66266443524935,0.9851584933023451
392,/Users/dcortes/dev/livepeer/YT8M/videos/7/supper moment 最後晚餐 結他 guitar cover by Eric Lo4181.045.mp4,240:426,0.3216052296787747,17.51339623934971,0.9060000000000002,35.601514161153645,0.9540577453505722
393,/Users/dcortes/dev/livepeer/YT8M/videos/7/supper moment 最後晚餐 結他 guitar cover by Eric Lo4181.045.mp4,360:640,0.28397440087651044,15.12722945658764,0.8520000000000002,37.053171994569496,0.9681899057956842
394,/Users/dcortes/dev/livepeer/YT8M/videos/7/supper moment 最後晚餐 結他 guitar cover by Eric Lo4181.045.mp4,480:854,0.26334075771618193,14.154831051812435,0.7240000000000001,38.89450167798505,0.9774223642881604
395,/Users/dcortes/dev/livepeer/YT8M/videos/7/supper moment 最後晚餐 結他 guitar cover by Eric Lo4181.045.mp4,720:1280,0.23436898374923504,11.978658162766171,0.616,40.70770349201039,0.9801479718436384
396,/Users/dcortes/dev/livepeer/YT8M/videos/7/ВАЗ-2107 тюнинг (СЕМЁРКА)2465.248.mp4,240:426,0.3917219819323951,15.753954226996306,0.7022222222222221,37.85298307168292,0.9824673858245405
397,/Users/dcortes/dev/livepeer/YT8M/videos/7/ВАЗ-2107 тюнинг (СЕМЁРКА)2465.248.mp4,360:640,0.3064424546043718,15.077903902871595,0.7544444444444445,41.64248153497485,0.9909975453380696
398,/Users/dcortes/dev/livepeer/YT8M/videos/7/ВАЗ-2107 тюнинг (СЕМЁРКА)2465.248.mp4,480:854,0.26355363418496464,14.09840565563949,0.8105555555555557,46.2477604719489,0.9951544304328086
399,/Users/dcortes/dev/livepeer/YT8M/videos/7/ВАЗ-2107 тюнинг (СЕМЁРКА)2465.248.mp4,720:1280,0.29930686357333386,14.940861908813446,0.9477777777777779,28.99627706151103,0.45467762830904895
400,"/Users/dcortes/dev/livepeer/YT8M/videos/7/Война Mercedes-Benz и Porsche, Кен Блок и  Ford Focus RS 2016 - Veddronews е464140.672.mp4",240:426,0.2623743683353291,14.696977828918385,0.8326666666666667,36.89423694407278,0.9463508808201989
401,"/Users/dcortes/dev/livepeer/YT8M/videos/7/Война Mercedes-Benz и Porsche, Кен Блок и  Ford Focus RS 2016 - Veddronews е464140.672.mp4",360:640,0.24546989075104345,14.136713395880088,0.7933333333333334,38.202922728865616,0.9603660056955832
402,"/Users/dcortes/dev/livepeer/YT8M/videos/7/Война Mercedes-Benz и Porsche, Кен Блок и  Ford Focus RS 2016 - Veddronews е464140.672.mp4",480:854,0.2419622769059717,13.863835262871453,0.76,41.4621954478235,0.9818850178167422
403,"/Users/dcortes/dev/livepeer/YT8M/videos/7/Война Mercedes-Benz и Porsche, Кен Блок и  Ford Focus RS 2016 - Veddronews е464140.672.mp4",720:1280,0.2475637508035815,13.945823134449087,0.7406666666666666,42.25918471334035,0.9836805040785335
404,/Users/dcortes/dev/livepeer/YT8M/videos/7/РЕЗИНОВАЯ КОКА КОЛА И ПЕПСИ2138.662.mp4,240:426,0.2257487604172333,14.211815442509264,0.7446666666666667,34.27164085429863,0.9564499039254204
405,/Users/dcortes/dev/livepeer/YT8M/videos/7/РЕЗИНОВАЯ КОКА КОЛА И ПЕПСИ2138.662.mp4,360:640,0.201846747441047,13.06856076152345,0.6900000000000002,35.87911154370116,0.9718411235824044
406,/Users/dcortes/dev/livepeer/YT8M/videos/7/РЕЗИНОВАЯ КОКА КОЛА И ПЕПСИ2138.662.mp4,480:854,0.1763385135108667,11.740129420197375,0.6086666666666667,38.22574305275765,0.9799291106923307
407,/Users/dcortes/dev/livepeer/YT8M/videos/7/РЕЗИНОВАЯ КОКА КОЛА И ПЕПСИ2138.662.mp4,720:1280,0.13431925737417968,9.513733681773667,0.44733333333333336,39.70774080965405,0.9814803130520287
408,/Users/dcortes/dev/livepeer/YT8M/videos/7/Ставим ушко щенку овчарки. Подклейка ушей.4482.33.mp4,240:426,0.20800294844157693,11.914184438994372,0.6366666666666667,40.36190227110183,0.9702570796931487
409,/Users/dcortes/dev/livepeer/YT8M/videos/7/Ставим ушко щенку овчарки. Подклейка ушей.4482.33.mp4,360:640,0.17565269214381457,10.738966012575414,0.5538888888888889,41.168485869780355,0.9705447805794629
410,/Users/dcortes/dev/livepeer/YT8M/videos/7/Ставим ушко щенку овчарки. Подклейка ушей.4482.33.mp4,480:854,0.18687570979372972,10.68037320723068,0.5572222222222223,43.38409279841166,0.9789669413272752
411,/Users/dcortes/dev/livepeer/YT8M/videos/7/Ставим ушко щенку овчарки. Подклейка ушей.4482.33.mp4,720:1280,0.1742138574782368,10.2299791101202,0.5433333333333332,44.38610869753459,0.9812120482381306
412,/Users/dcortes/dev/livepeer/YT8M/videos/7/Школьный клип Школа 48 Владивосток Выпуск 20134189.275.mp4,240:426,0.2275928588292097,13.506661950741952,0.7693333333333334,34.415833783842004,0.9057849095676198
413,/Users/dcortes/dev/livepeer/YT8M/videos/7/Школьный клип Школа 48 Владивосток Выпуск 20134189.275.mp4,360:640,0.21459170944516628,12.698329785590019,0.6920000000000001,36.505247937695415,0.9434145066422687
414,/Users/dcortes/dev/livepeer/YT8M/videos/7/Школьный клип Школа 48 Владивосток Выпуск 20134189.275.mp4,480:854,0.19269481300248936,11.875719215312941,0.6173333333333333,37.94047466898463,0.9591060473141181
415,/Users/dcortes/dev/livepeer/YT8M/videos/7/Школьный клип Школа 48 Владивосток Выпуск 20134189.275.mp4,720:1280,0.16374770932152274,10.414751201973916,0.5059999999999999,39.99992523401643,0.9721907615219686
416,/Users/dcortes/dev/livepeer/YT8M/videos/7/Электронный стадион6606.543.mp4,240:426,0.2828242169770451,15.045222834651097,0.8500000000000003,35.4738255904667,0.9302076135380183
417,/Users/dcortes/dev/livepeer/YT8M/videos/7/Электронный стадион6606.543.mp4,360:640,0.27098700026094247,14.698128572286329,0.8233333333333335,37.11603521113881,0.9506086827075387
418,/Users/dcortes/dev/livepeer/YT8M/videos/7/Электронный стадион6606.543.mp4,480:854,0.26423438148480505,14.572618814730895,0.8173333333333334,39.11022420214611,0.9665755630859989
419,/Users/dcortes/dev/livepeer/YT8M/videos/7/Электронный стадион6606.543.mp4,720:1280,0.2644827906125584,14.6509591422213,0.818,40.89909009768576,0.9750836217537523
420,/Users/dcortes/dev/livepeer/YT8M/videos/7/מיכל הקטנה במותק של פסטיבל 64331.25.mp4,240:426,0.23808157746875178,14.203720526195585,0.7427777777777778,33.9110067952702,0.9170540509213525
421,/Users/dcortes/dev/livepeer/YT8M/videos/7/מיכל הקטנה במותק של פסטיבל 64331.25.mp4,360:640,0.18464599009173988,11.571379603524159,0.5844444444444444,36.501890822664535,0.9567099617484139
422,/Users/dcortes/dev/livepeer/YT8M/videos/7/מיכל הקטנה במותק של פסטיבל 64331.25.mp4,480:854,0.1849331021382202,12.057393356970762,0.6166666666666667,37.7175882443128,0.9644914014681493
423,/Users/dcortes/dev/livepeer/YT8M/videos/7/מיכל הקטנה במותק של פסטיבל 64331.25.mp4,720:1280,0.1412993114993341,9.729916644523822,0.4522222222222222,40.21854420884477,0.9770231046225065
424,/Users/dcortes/dev/livepeer/YT8M/videos/7/طريقة سهلة وسريعة لعمل تارت المربى الشهي3916.509.mp4,240:426,0.25360797614218167,14.994252764779251,0.7973333333333332,34.834119977762015,0.9190414993973783
425,/Users/dcortes/dev/livepeer/YT8M/videos/7/طريقة سهلة وسريعة لعمل تارت المربى الشهي3916.509.mp4,360:640,0.2129271902585314,12.913788282420699,0.6926666666666667,37.499211041290785,0.9578304042248719
426,/Users/dcortes/dev/livepeer/YT8M/videos/7/طريقة سهلة وسريعة لعمل تارت المربى الشهي3916.509.mp4,480:854,0.19913214173509203,12.700558341037224,0.6866666666666668,39.33944026045374,0.9705925335588623
427,/Users/dcortes/dev/livepeer/YT8M/videos/7/طريقة سهلة وسريعة لعمل تارت المربى الشهي3916.509.mp4,720:1280,0.31927438095885863,16.64858712219936,0.898,28.648704882056496,0.6517788427176275
428,/Users/dcortes/dev/livepeer/YT8M/videos/7/《新兵正傳》電影主題曲－Brothers4331.25.mp4,240:426,0.24195953531736175,13.703233885638252,0.7416666666666667,35.35865588390537,0.9545548753502039
429,/Users/dcortes/dev/livepeer/YT8M/videos/7/《新兵正傳》電影主題曲－Brothers4331.25.mp4,360:640,0.23007263655099913,12.664989472396684,0.6772222222222223,38.1418900659893,0.9762778962754688
430,/Users/dcortes/dev/livepeer/YT8M/videos/7/《新兵正傳》電影主題曲－Brothers4331.25.mp4,480:854,0.19848419645898402,11.709767679440045,0.6061111111111113,40.56092028283539,0.98256648444216
431,/Users/dcortes/dev/livepeer/YT8M/videos/7/《新兵正傳》電影主題曲－Brothers4331.25.mp4,720:1280,0.20810536319530476,11.817760256312974,0.5950000000000001,42.678042448387195,0.9856080888819191
432,/Users/dcortes/dev/livepeer/YT8M/videos/7/【日本酒でおもてなし】この冬ホットでおいしい日本酒ベスト５【大七】【獺祭】【東一】【八海山】【一ノ蔵】（九州 佐賀県佐賀市【地酒処　山田酒店】　２０１３年１２月１３日　お燗酒　人気　おすすめ）4168.27.mp4,240:426,0.2534665824255795,14.694583987627441,0.8355555555555557,36.65455702307845,0.9566168028035527
433,/Users/dcortes/dev/livepeer/YT8M/videos/7/【日本酒でおもてなし】この冬ホットでおいしい日本酒ベスト５【大七】【獺祭】【東一】【八海山】【一ノ蔵】（九州 佐賀県佐賀市【地酒処　山田酒店】　２０１３年１２月１３日　お燗酒　人気　おすすめ）4168.27.mp4,360:640,0.2620772040833583,14.95190203308726,0.805,38.98584265815463,0.9729762865215351
434,/Users/dcortes/dev/livepeer/YT8M/videos/7/【日本酒でおもてなし】この冬ホットでおいしい日本酒ベスト５【大七】【獺祭】【東一】【八海山】【一ノ蔵】（九州 佐賀県佐賀市【地酒処　山田酒店】　２０１３年１２月１３日　お燗酒　人気　おすすめ）4168.27.mp4,480:854,0.2604587944196615,14.616441634456644,0.8122222222222223,40.19752494278035,0.976958120458948
435,/Users/dcortes/dev/livepeer/YT8M/videos/7/【日本酒でおもてなし】この冬ホットでおいしい日本酒ベスト５【大七】【獺祭】【東一】【八海山】【一ノ蔵】（九州 佐賀県佐賀市【地酒処　山田酒店】　２０１３年１２月１３日　お燗酒　人気　おすすめ）4168.27.mp4,720:1280,0.21665435950580988,12.99886581553535,0.683888888888889,41.31667780498869,0.9801254177214832
436,/Users/dcortes/dev/livepeer/YT8M/videos/7/ガンダムトライエイジ　ビルドファイターズ系必殺技（エクシアダークマター・ミスサザビー・ハイパーZガンダム炎）4161.42.mp4,240:426,0.2688113083919831,15.427244336294137,0.9000000000000002,32.50162971716647,0.8546511693214067
437,/Users/dcortes/dev/livepeer/YT8M/videos/7/ガンダムトライエイジ　ビルドファイターズ系必殺技（エクシアダークマター・ミスサザビー・ハイパーZガンダム炎）4161.42.mp4,360:640,0.25327047167150424,14.88537999787213,0.8700000000000002,34.68080321635495,0.9252195930154834
438,/Users/dcortes/dev/livepeer/YT8M/videos/7/ガンダムトライエイジ　ビルドファイターズ系必殺技（エクシアダークマター・ミスサザビー・ハイパーZガンダム炎）4161.42.mp4,480:854,0.2689075988641842,15.351530997787503,0.8533333333333335,35.92355732194948,0.9449498538811253
439,/Users/dcortes/dev/livepeer/YT8M/videos/7/ガンダムトライエイジ　ビルドファイターズ系必殺技（エクシアダークマター・ミスサザビー・ハイパーZガンダム炎）4161.42.mp4,720:1280,0.22740911866469454,13.670019561966107,0.7894444444444445,38.750479153163724,0.9697519309001462
440,/Users/dcortes/dev/livepeer/YT8M/videos/7/名探偵コナンメインテーマ　東北方面音楽隊 自衛艦in仙台港20135792.293.mp4,240:426,0.24737529248066553,14.238637313843507,0.795,32.61006019247104,0.8920911149203651
441,/Users/dcortes/dev/livepeer/YT8M/videos/7/名探偵コナンメインテーマ　東北方面音楽隊 自衛艦in仙台港20135792.293.mp4,360:640,0.22434702502042453,13.486055608921166,0.7322222222222223,33.95324890880175,0.9411679569263122
442,/Users/dcortes/dev/livepeer/YT8M/videos/7/名探偵コナンメインテーマ　東北方面音楽隊 自衛艦in仙台港20135792.293.mp4,480:854,0.178249599998783,11.315392004500541,0.6,35.824259297884026,0.969577786286821
443,/Users/dcortes/dev/livepeer/YT8M/videos/7/名探偵コナンメインテーマ　東北方面音楽隊 自衛艦in仙台港20135792.293.mp4,720:1280,0.14954928952755162,9.749217136950346,0.47000000000000003,37.68587739438534,0.9780477850149641
444,/Users/dcortes/dev/livepeer/YT8M/videos/7/香港站-張信哲我。看見世界巡迴演唱會_別怕我傷心.MOV4443.3.mp4,240:426,0.13529271497078524,8.22788417961033,0.41833333333333333,40.583901019524895,0.9785039306486509
445,/Users/dcortes/dev/livepeer/YT8M/videos/7/香港站-張信哲我。看見世界巡迴演唱會_別怕我傷心.MOV4443.3.mp4,360:640,0.10454574415963244,6.405879220691573,0.31222222222222223,42.449011222331485,0.9827453447983212
446,/Users/dcortes/dev/livepeer/YT8M/videos/7/香港站-張信哲我。看見世界巡迴演唱會_別怕我傷心.MOV4443.3.mp4,480:854,0.09266033234544263,5.55627849804934,0.28,44.57387913321938,0.9862354264815277
447,/Users/dcortes/dev/livepeer/YT8M/videos/7/香港站-張信哲我。看見世界巡迴演唱會_別怕我傷心.MOV4443.3.mp4,720:1280,0.07252656245679567,4.43105008583699,0.2261111111111111,46.13159158808597,0.9884050504377576
448,/Users/dcortes/dev/livepeer/YT8M/videos/7/黃昏天氣節目 - 學術主任劉廸森(09月26日下午6時)4331.25.mp4,240:426,0.13012284650522127,7.941520801988366,0.3733333333333333,40.383590124865286,0.9721758469543795
449,/Users/dcortes/dev/livepeer/YT8M/videos/7/黃昏天氣節目 - 學術主任劉廸森(09月26日下午6時)4331.25.mp4,360:640,0.19486072755264636,12.176224389309622,0.5713333333333332,41.73869268047681,0.9797788962931778
450,/Users/dcortes/dev/livepeer/YT8M/videos/7/黃昏天氣節目 - 學術主任劉廸森(09月26日下午6時)4331.25.mp4,480:854,0.1382008958661285,9.554078033090985,0.46333333333333326,43.8654015792674,0.9894257665503945
451,/Users/dcortes/dev/livepeer/YT8M/videos/7/黃昏天氣節目 - 學術主任劉廸森(09月26日下午6時)4331.25.mp4,720:1280,0.10526812061212482,8.54864928633183,0.406,45.90080738146551,0.9939149993839584
452,"/Users/dcortes/dev/livepeer/YT8M/videos/7/근교산&그너머(Vicinity of the mountain hike, 863) 대구 삼필봉~황룡산(Daegu Sampilbong~Hwangnyongsan)4218.06.mp4",240:426,0.25470662777261727,14.74028129074374,0.8405555555555557,35.83279232340805,0.9622185350030406
453,"/Users/dcortes/dev/livepeer/YT8M/videos/7/근교산&그너머(Vicinity of the mountain hike, 863) 대구 삼필봉~황룡산(Daegu Sampilbong~Hwangnyongsan)4218.06.mp4",360:640,0.24676734089858027,14.569336673468445,0.7905555555555556,36.83510451181754,0.9605837782328958
454,"/Users/dcortes/dev/livepeer/YT8M/videos/7/근교산&그너머(Vicinity of the mountain hike, 863) 대구 삼필봉~황룡산(Daegu Sampilbong~Hwangnyongsan)4218.06.mp4",480:854,0.23977669659940312,14.390819308265657,0.7883333333333336,38.41120575877905,0.976577613923384
455,"/Users/dcortes/dev/livepeer/YT8M/videos/7/근교산&그너머(Vicinity of the mountain hike, 863) 대구 삼필봉~황룡산(Daegu Sampilbong~Hwangnyongsan)4218.06.mp4",720:1280,0.24063464433950402,14.4484680484921,0.7933333333333334,39.997818038415474,0.979889202346157
456,/Users/dcortes/dev/livepeer/YT8M/videos/7/카시오페아 리메이크 2014 (Classic Cassiopeia Skin. 2014 Model & Texture Update)4146.8.mp4,240:426,0.3286273174675171,14.86677973466265,0.8483333333333334,35.69266181857997,0.9335208072892961
457,/Users/dcortes/dev/livepeer/YT8M/videos/7/카시오페아 리메이크 2014 (Classic Cassiopeia Skin. 2014 Model & Texture Update)4146.8.mp4,360:640,0.34218890708007976,15.557080561327682,0.8511111111111113,36.69682973147278,0.9470358021252747
458,/Users/dcortes/dev/livepeer/YT8M/videos/7/카시오페아 리메이크 2014 (Classic Cassiopeia Skin. 2014 Model & Texture Update)4146.8.mp4,480:854,0.3164386778774277,14.979557969673566,0.8522222222222223,38.887277868153724,0.974289813640275
459,/Users/dcortes/dev/livepeer/YT8M/videos/7/카시오페아 리메이크 2014 (Classic Cassiopeia Skin. 2014 Model & Texture Update)4146.8.mp4,720:1280,0.30230456924689214,16.842179758809785,0.7694444444444446,40.83434734022539,0.9807977614018645
